team1,team2,game_number,map_name,score1,team1_p1,team1_p2,team1_p3,team1_p4,team1_p5,team1_p6,team2_p1,team2_p2,team2_p3,team2_p4,team2_p5,team2_p6,
FLA,SFS,1,dorado,-1,00,Zebbosai,TviQ,Zuppeh,Logix,Manneten,CWoosH,dhaK,sleepy,Danteh,BABYBAY,Nomy,Nevix,
FLA,SFS,2,temple-of-anubis,-1,00,Zebbosai,TviQ,Zuppeh,Logix,Manneten,CWoosH,iddqd,dhaK,sleepy,BABYBAY,Nomy,Nevix,
FLA,SFS,3,oasis,-1,00,Zebbosai,TviQ,Zuppeh,Logix,Manneten,CWoosH,iddqd,dhaK,sleepy,BABYBAY,Nomy,Nevix,
FLA,SFS,4,eichenwalde,1,00,Zebbosai,TviQ,Zuppeh,Logix,Manneten,CWoosH,dhaK,sleepy,Danteh,BABYBAY,Nomy,Nevix,
VAL,SFS,1,junkertown,1,00,Envy,Kariv,Soon,Unkoe,Fate,Silkthread,BABYBAY,sleepy,dhaK,Danteh,Nomy,Nevix,
VAL,SFS,2,horizon-lunar-colony,-1,00,Envy,Kariv,Soon,Unkoe,Fate,Silkthread,BABYBAY,sleepy,Danteh,dhaK,Nomy,Nevix,
VAL,SFS,3,ilios,-1,00,Fate,Grimreality,Verbo,Unkoe,Silkthread,Envy,BABYBAY,sleepy,Danteh,Nomy,Nevix,dhaK,
VAL,SFS,4,numbani,1,00,Fate,Silkthread,Unkoe,Soon,Kariv,Envy,BABYBAY,sleepy,dhaK,Nomy,Nevix,Danteh,
VAL,SFS,5,lijiang,2,00,Kariv,Soon,Unkoe,Fate,Envy,Silkthread,BABYBAY,sleepy,Danteh,dhaK,Nomy,Nevix,
SEO,SHD,1,dorado,1,00,ZUNBA,tobi,ryujehong,Miro,Wekeed,Bunny,MG,Roshan,Diya,Xushu,Altering,Fiveking,
SEO,SHD,2,temple-of-anubis,1,00,tobi,ryujehong,FLETA,XepheR,KuKi,Bunny,Undead,MG,Roshan,Diya,Freefeel,Altering,
SEO,SHD,3,oasis,2,00,ZUNBA,tobi,ryujehong,FLETA,Munchkin,KuKi,Undead,MG,Roshan,Diya,Freefeel,Altering,
SEO,SHD,4,eichenwalde,2,00,ZUNBA,tobi,ryujehong,Miro,Wekeed,Munchkin,Undead,Roshan,Diya,Xushu,Freefeel,Fiveking,
GLA,LDN,1,junkertown,2,00,Surefour,iRemiix,Hydration,Asher,BigGoose,Shaz,Hooreg,Closer,HaGoPeun,Gesture,Profit,WooHyaL,
GLA,LDN,2,horizon-lunar-colony,-1,00,Hydration,Surefour,Bischu,BigGoose,Shaz,iRemiix,NUS,birdring,HaGoPeun,Fissure,Fury,Rascal,
GLA,LDN,3,ilios,-2,00,Asher,Surefour,Bischu,iRemiix,Shaz,BigGoose,Hooreg,Closer,HaGoPeun,Gesture,Profit,WooHyaL,
GLA,LDN,4,numbani,1,00,Surefour,Asher,iRemiix,Bischu,Shaz,BigGoose,Hooreg,Closer,HaGoPeun,Gesture,Profit,WooHyaL,
GLA,LDN,5,lijiang,2,00,BigGoose,Shaz,Hydration,Asher,Surefour,iRemiix,Gesture,Closer,Profit,Hooreg,WooHyaL,HaGoPeun,
DAL,HOU,1,dorado,-1,00,Taimou,Chipshajen,Custa,Mickie,EFFECT,cocco,Jake,Coolmatt,Muma,Boink,LiNkzr,Rawkus,
DAL,HOU,2,temple-of-anubis,1,00,Taimou,Chipshajen,Mickie,HarryHook,EFFECT,xQc,Jake,Bani,LiNkzr,Boink,Coolmatt,Muma,
DAL,HOU,3,oasis,1,00,Seagull,Taimou,Mickie,EFFECT,Custa,Chipshajen,Clockwork,Coolmatt,Muma,LiNkzr,Rawkus,Boink,
DAL,HOU,4,eichenwalde,-1,00,Taimou,Mickie,EFFECT,HarryHook,cocco,Chipshajen,Clockwork,SPREE,Muma,Jake,Rawkus,Bani,
DAL,HOU,5,lijiang,1,00,Seagull,Taimou,Mickie,EFFECT,Chipshajen,Custa,LiNkzr,Coolmatt,Muma,Jake,Rawkus,Boink,
NYE,BOS,1,dorado,3,00,Saebyeolbe,Janus,Meko,Pine,Ark,Libero,Kellex,DreamKazper,Gamsu,NotE,STRIKER,Neko,
NYE,BOS,2,temple-of-anubis,1,00,Saebyeolbe,Janus,Meko,Pine,Ark,Libero,Kellex,DreamKazper,Gamsu,NotE,STRIKER,Neko,
NYE,BOS,3,oasis,-2,00,Saebyeolbe,Janus,Meko,Pine,Ark,Libero,Kellex,DreamKazper,Gamsu,NotE,STRIKER,Neko,
NYE,BOS,4,eichenwalde,2,00,Mano,Saebyeolbe,Meko,Pine,Ark,Libero,Kellex,DreamKazper,Gamsu,NotE,STRIKER,Neko,
SFS,LDN,1,dorado,-1,00,dhaK,sleepy,Danteh,BABYBAY,Nomy,Nevix,birdring,Fissure,Rascal,Fury,NUS,HaGoPeun,
SFS,LDN,2,temple-of-anubis,-1,00,dhaK,sleepy,Danteh,BABYBAY,Nomy,Nevix,birdring,Fissure,Rascal,Fury,NUS,HaGoPeun,
SFS,LDN,3,oasis,-2,00,dhaK,sleepy,Danteh,BABYBAY,Nomy,Nevix,birdring,Fissure,Rascal,Fury,NUS,HaGoPeun,
SFS,LDN,4,eichenwalde,-1,00,dhaK,sleepy,Danteh,BABYBAY,Nomy,Nevix,birdring,Fissure,Rascal,Fury,NUS,HaGoPeun,
SEO,HOU,1,junkertown,1,00,tobi,ryujehong,FLETA,Wekeed,XepheR,KuKi,Rawkus,Coolmatt,Jake,Muma,Bani,LiNkzr,
SEO,HOU,2,horizon-lunar-colony,-1,00,ZUNBA,tobi,ryujehong,Miro,FLETA,Munchkin,Rawkus,Coolmatt,Jake,Muma,Bani,LiNkzr,
SEO,HOU,3,ilios,2,00,ZUNBA,tobi,ryujehong,FLETA,Munchkin,KuKi,SPREE,Rawkus,Muma,Bani,Clockwork,Mendokusaii,
SEO,HOU,4,numbani,0,00,ZUNBA,tobi,ryujehong,Miro,FLETA,Wekeed,Rawkus,Coolmatt,Jake,Muma,Bani,Clockwork,
SHD,BOS,1,junkertown,-1,00,Undead,Diya,Fiveking,Xushu,Freefeel,Roshan,DreamKazper,STRIKER,Gamsu,NotE,Neko,Snow,
SHD,BOS,2,horizon-lunar-colony,2,00,Diya,Undead,Fiveking,Xushu,Freefeel,Roshan,DreamKazper,STRIKER,Gamsu,NotE,Neko,Snow,
SHD,BOS,3,ilios,1,00,Undead,Diya,Altering,MG,Freefeel,Roshan,DreamKazper,Mistakes,Gamsu,Kalios,Neko,Avast,
SHD,BOS,4,numbani,-1,00,Undead,MG,Roshan,Diya,Freefeel,Altering,DreamKazper,Gamsu,Snow,STRIKER,Kalios,Avast,
SHD,BOS,5,lijiang,-1,00,Undead,Diya,Altering,MG,Freefeel,Roshan,DreamKazper,STRIKER,Kellex,Gamsu,Kalios,Neko,
VAL,GLA,1,dorado,2,00,Unkoe,Soon,Silkthread,Envy,Kariv,Fate,Surefour,iRemiix,BigGoose,Shaz,Hydration,Asher,
VAL,GLA,2,temple-of-anubis,2,00,Unkoe,Soon,Silkthread,Envy,Kariv,Fate,Surefour,Bischu,iRemiix,BigGoose,Shaz,Asher,
VAL,GLA,3,oasis,-2,00,Grimreality,Silkthread,Verbo,Envy,Kariv,Fate,Surefour,Bischu,iRemiix,BigGoose,Shaz,Asher,
VAL,GLA,4,eichenwalde,1,00,Numlocked,Unkoe,Soon,Silkthread,Envy,Kariv,Surefour,Bischu,iRemiix,BigGoose,Shaz,Asher,
FLA,DAL,1,junkertown,3,00,Zebbosai,TviQ,Zuppeh,Logix,Manneten,CWoosH,Custa,HarryHook,Mickie,Chipshajen,EFFECT,cocco,
FLA,DAL,2,horizon-lunar-colony,-1,00,Zebbosai,TviQ,Zuppeh,Logix,Manneten,CWoosH,HarryHook,Mickie,Chipshajen,xQc,Seagull,EFFECT,
FLA,DAL,3,ilios,-1,00,Zebbosai,TviQ,Zuppeh,Logix,Manneten,CWoosH,Taimou,Custa,Mickie,Chipshajen,xQc,EFFECT,
FLA,DAL,4,numbani,-1,00,Zebbosai,TviQ,Zuppeh,Logix,Manneten,CWoosH,Taimou,Custa,Mickie,Chipshajen,xQc,EFFECT,
SEO,NYE,1,junkertown,-1,00,ZUNBA,tobi,ryujehong,FLETA,Wekeed,KuKi,Mano,Saebyeolbe,Meko,Pine,Ark,Libero,
SEO,NYE,2,horizon-lunar-colony,1,00,ZUNBA,tobi,ryujehong,FLETA,Munchkin,KuKi,Saebyeolbe,Janus,Meko,Pine,Ark,Libero,
SEO,NYE,3,ilios,1,00,ZUNBA,tobi,ryujehong,FLETA,Munchkin,KuKi,Saebyeolbe,Janus,Meko,Pine,Ark,Libero,
SEO,NYE,4,numbani,3,00,ZUNBA,tobi,ryujehong,Miro,FLETA,Bunny,Mano,Saebyeolbe,Meko,Pine,Ark,Libero,
SFS,VAL,1,dorado,-1,00,dhaK,sleepy,Danteh,BABYBAY,Nomy,Nevix,Unkoe,Soon,Agilities,Envy,Kariv,Fate,
SFS,VAL,2,temple-of-anubis,-1,00,dhaK,sleepy,Danteh,BABYBAY,Nomy,Nevix,Unkoe,Soon,Agilities,Envy,Kariv,Fate,
SFS,VAL,3,ilios,-1,00,dhaK,sleepy,Danteh,BABYBAY,Nomy,Nevix,Unkoe,Soon,Silkthread,Envy,Kariv,Fate,
SFS,VAL,4,numbani,-1,00,dhaK,sleepy,Danteh,BABYBAY,Nomy,Nevix,Unkoe,Soon,Silkthread,Envy,Kariv,Fate,
SHD,GLA,1,dorado,-1,00,Undead,Roshan,Diya,Xushu,Freefeel,Altering,Surefour,Bischu,iRemiix,BigGoose,Shaz,Hydration,
SHD,GLA,2,temple-of-anubis,-1,00,Undead,MG,Roshan,Diya,Freefeel,Altering,Surefour,Bischu,iRemiix,BigGoose,Shaz,Asher,
SHD,GLA,3,ilios,-2,00,Undead,MG,Roshan,Diya,Freefeel,Altering,Bischu,iRemiix,BigGoose,Shaz,Hydration,Asher,
SHD,GLA,4,eichenwalde,-1,00,Undead,MG,Roshan,Diya,Freefeel,Fiveking,Surefour,Bischu,iRemiix,BigGoose,Shaz,Asher,
DAL,SEO,1,junkertown,1,00,Taimou,Custa,HarryHook,Mickie,Seagull,EFFECT,ZUNBA,tobi,ryujehong,Miro,FLETA,Munchkin,
DAL,SEO,2,temple-of-anubis,-1,00,Taimou,HarryHook,Mickie,Chipshajen,xQc,EFFECT,ZUNBA,tobi,ryujehong,Miro,FLETA,Munchkin,
DAL,SEO,3,ilios,-2,00,Taimou,HarryHook,Mickie,Chipshajen,xQc,EFFECT,ZUNBA,tobi,ryujehong,Miro,FLETA,Munchkin,
DAL,SEO,4,numbani,0,00,Taimou,HarryHook,Mickie,Chipshajen,xQc,EFFECT,ZUNBA,tobi,ryujehong,Miro,FLETA,Munchkin,
LDN,FLA,1,dorado,-1,00,Bdosin,birdring,Fury,NUS,Profit,Gesture,Zebbosai,TviQ,Zuppeh,Logix,Manneten,CWoosH,
LDN,FLA,2,temple-of-anubis,1,00,Bdosin,birdring,Fury,NUS,Profit,Gesture,Zebbosai,TviQ,Zuppeh,Logix,Manneten,CWoosH,
LDN,FLA,3,oasis,2,00,Bdosin,birdring,Fury,NUS,Profit,Gesture,Zebbosai,TviQ,Zuppeh,Logix,Manneten,CWoosH,
LDN,FLA,4,numbani,3,00,Bdosin,birdring,Fury,NUS,Profit,Gesture,Zebbosai,TviQ,Zuppeh,Logix,Manneten,CWoosH,
PHI,HOU,1,dorado,1,00,Poko,fragi,Boombox,Carpe,Neptuno,ShaDowBurn,LiNkzr,Jake,Rawkus,Bani,Muma,Coolmatt,
PHI,HOU,2,horizon-lunar-colony,-1,00,Poko,fragi,Boombox,Carpe,Neptuno,ShaDowBurn,Muma,Coolmatt,Bani,Rawkus,Jake,LiNkzr,
PHI,HOU,3,oasis,2,00,Poko,fragi,Boombox,Carpe,Neptuno,ShaDowBurn,Muma,Coolmatt,Boink,Clockwork,Jake,Rawkus,
PHI,HOU,4,eichenwalde,-1,00,Poko,fragi,Boombox,Carpe,Neptuno,ShaDowBurn,Muma,Coolmatt,LiNkzr,Jake,Rawkus,Bani,
PHI,HOU,5,lijiang,2,00,Poko,fragi,Boombox,Carpe,Neptuno,ShaDowBurn,Muma,LiNkzr,Rawkus,SPREE,Jake,Boink,
BOS,NYE,1,junkertown,-1,00,Kellex,DreamKazper,Gamsu,STRIKER,Kalios,Neko,Mano,Saebyeolbe,Meko,Ark,Jjonak,Libero,
BOS,NYE,2,horizon-lunar-colony,1,00,Kellex,DreamKazper,Gamsu,STRIKER,Kalios,Neko,Mano,Saebyeolbe,Meko,Ark,Jjonak,Libero,
BOS,NYE,3,ilios,-2,00,Kellex,DreamKazper,Gamsu,NotE,STRIKER,Neko,Saebyeolbe,Janus,Meko,Pine,Ark,Jjonak,
BOS,NYE,4,numbani,-1,00,Kellex,DreamKazper,Gamsu,NotE,STRIKER,Neko,Saebyeolbe,Janus,Meko,Ark,Jjonak,Libero,
VAL,DAL,1,junkertown,1,00,Unkoe,Soon,Agilities,Envy,Kariv,Fate,Taimou,Custa,HarryHook,Mickie,Seagull,EFFECT,
VAL,DAL,2,horizon-lunar-colony,0,00,Unkoe,Soon,Silkthread,Envy,Kariv,Fate,Taimou,Custa,HarryHook,Mickie,EFFECT,cocco,
VAL,DAL,3,ilios,2,00,Unkoe,Soon,Silkthread,Envy,Kariv,Fate,HarryHook,Mickie,Chipshajen,xQc,Seagull,EFFECT,
VAL,DAL,4,numbani,3,00,Unkoe,Soon,Silkthread,Envy,Kariv,Fate,Taimou,HarryHook,Mickie,Chipshajen,xQc,EFFECT,
FLA,BOS,1,dorado,-1,00,Zebbosai,TviQ,Zuppeh,Logix,Manneten,CWoosH,Kellex,DreamKazper,Gamsu,STRIKER,Kalios,Neko,
FLA,BOS,2,temple-of-anubis,-1,00,Zebbosai,TviQ,Zuppeh,Logix,Manneten,CWoosH,Kellex,DreamKazper,Gamsu,STRIKER,Kalios,Neko,
FLA,BOS,3,oasis,-2,00,Zebbosai,TviQ,Zuppeh,Logix,Manneten,CWoosH,Kellex,DreamKazper,Gamsu,STRIKER,Kalios,Neko,
FLA,BOS,4,eichenwalde,-1,00,Zebbosai,TviQ,Zuppeh,Logix,Manneten,CWoosH,Kellex,DreamKazper,Gamsu,STRIKER,Kalios,Neko,
SFS,SHD,1,junkertown,1,00,dhaK,sleepy,Danteh,BABYBAY,Nomy,Nevix,Undead,Roshan,Diya,Xushu,Freefeel,Altering,
SFS,SHD,2,horizon-lunar-colony,-1,00,dhaK,sleepy,Danteh,BABYBAY,Nomy,Nevix,Undead,Roshan,Diya,Xushu,Freefeel,Altering,
SFS,SHD,3,ilios,2,00,dhaK,sleepy,Danteh,BABYBAY,Nomy,Nevix,Undead,Roshan,Diya,Xushu,Freefeel,Altering,
SFS,SHD,4,numbani,1,00,dhaK,sleepy,Danteh,BABYBAY,Nomy,Nevix,Undead,Roshan,Diya,Xushu,Freefeel,Altering,
LDN,PHI,1,junkertown,1,00,Bdosin,birdring,Fury,NUS,Profit,Gesture,ShaDowBurn,fragi,Boombox,Carpe,Poko,DayFly,
LDN,PHI,2,horizon-lunar-colony,2,00,Bdosin,birdring,Fury,NUS,Profit,Gesture,ShaDowBurn,fragi,Boombox,Carpe,Poko,DayFly,
LDN,PHI,3,ilios,2,00,Bdosin,birdring,Fury,NUS,Profit,Gesture,ShaDowBurn,fragi,Boombox,Carpe,Poko,DayFly,
LDN,PHI,4,numbani,3,00,Bdosin,birdring,Fury,NUS,Profit,Gesture,ShaDowBurn,fragi,Boombox,Carpe,Poko,DayFly,
NYE,HOU,1,junkertown,-1,00,Mano,Saebyeolbe,Meko,Ark,Jjonak,Libero,Rawkus,Coolmatt,Jake,Muma,Bani,LiNkzr,
NYE,HOU,2,temple-of-anubis,1,00,Mano,Saebyeolbe,Meko,Ark,Jjonak,Libero,Rawkus,Coolmatt,Jake,Muma,Bani,LiNkzr,
NYE,HOU,3,ilios,2,00,Saebyeolbe,Janus,Meko,Pine,Ark,Jjonak,Rawkus,Coolmatt,Muma,Bani,Clockwork,LiNkzr,
NYE,HOU,4,numbani,2,00,Saebyeolbe,Janus,Meko,Ark,Jjonak,Libero,Rawkus,Coolmatt,Jake,Muma,Bani,Clockwork,
SEO,GLA,1,junkertown,1,00,ZUNBA,tobi,ryujehong,FLETA,Wekeed,KuKi,Bischu,iRemiix,BigGoose,Shaz,Hydration,Asher,
SEO,GLA,2,horizon-lunar-colony,1,00,ZUNBA,tobi,ryujehong,FLETA,KuKi,Bunny,Surefour,Bischu,iRemiix,BigGoose,Shaz,Hydration,
SEO,GLA,3,ilios,2,00,ZUNBA,ryujehong,FLETA,Wekeed,KuKi,Bunny,Surefour,Bischu,iRemiix,BigGoose,Shaz,Asher,
SEO,GLA,4,numbani,3,00,ZUNBA,tobi,ryujehong,FLETA,Wekeed,KuKi,Surefour,Bischu,iRemiix,BigGoose,Shaz,Hydration,
SFS,PHI,1,dorado,1,00,dhaK,sleepy,Danteh,BABYBAY,Nomy,Nevix,ShaDowBurn,fragi,Neptuno,Boombox,Carpe,Poko,
SFS,PHI,2,temple-of-anubis,-1,00,dhaK,sleepy,Danteh,BABYBAY,Nomy,Nevix,ShaDowBurn,fragi,Neptuno,Boombox,Carpe,Poko,
SFS,PHI,3,oasis,-1,00,dhaK,sleepy,Danteh,BABYBAY,Nomy,Nevix,ShaDowBurn,fragi,Neptuno,Boombox,Carpe,Poko,
SFS,PHI,4,eichenwalde,0,00,dhaK,sleepy,Danteh,BABYBAY,Nomy,Nevix,ShaDowBurn,fragi,Neptuno,Boombox,Carpe,Poko,
FLA,SEO,1,dorado,-1,00,Zebbosai,TviQ,Zuppeh,Logix,Manneten,CWoosH,ryujehong,gido,FLETA,XepheR,Munchkin,KuKi,
FLA,SEO,2,horizon-lunar-colony,-1,00,Zebbosai,TviQ,Zuppeh,Logix,Manneten,CWoosH,tobi,ryujehong,FLETA,XepheR,Munchkin,KuKi,
FLA,SEO,3,oasis,-2,00,Zebbosai,TviQ,Zuppeh,Logix,Manneten,CWoosH,tobi,ryujehong,FLETA,XepheR,Munchkin,KuKi,
FLA,SEO,4,eichenwalde,-1,00,Zebbosai,TviQ,Zuppeh,Logix,Manneten,CWoosH,tobi,ryujehong,FLETA,XepheR,Munchkin,KuKi,
HOU,SHD,1,junkertown,3,00,Rawkus,Coolmatt,Jake,Muma,Bani,LiNkzr,Undead,MG,Roshan,Diya,Freefeel,Altering,
HOU,SHD,2,horizon-lunar-colony,1,00,Rawkus,Coolmatt,Jake,Muma,Bani,LiNkzr,Undead,MG,Roshan,Diya,Freefeel,Altering,
HOU,SHD,3,oasis,2,00,Rawkus,Coolmatt,Jake,Muma,Boink,LiNkzr,Undead,MG,Roshan,Diya,Freefeel,Altering,
HOU,SHD,4,numbani,2,00,Rawkus,Coolmatt,Jake,Muma,Bani,LiNkzr,Undead,MG,Roshan,Diya,Freefeel,Altering,
DAL,HOU,1,junkertown,-1,00,Custa,Mickie,Chipshajen,Seagull,EFFECT,cocco,Rawkus,Coolmatt,Jake,Muma,Bani,LiNkzr,
DAL,HOU,2,horizon-lunar-colony,-1,00,Custa,Mickie,Chipshajen,Seagull,EFFECT,cocco,Rawkus,Coolmatt,Jake,Muma,Bani,LiNkzr,
DAL,HOU,3,oasis,-2,00,Custa,Mickie,Chipshajen,Seagull,EFFECT,cocco,Rawkus,Coolmatt,Jake,Muma,Boink,LiNkzr,
DAL,HOU,4,eichenwalde,-1,00,Taimou,Custa,Mickie,Chipshajen,EFFECT,cocco,Rawkus,Coolmatt,Jake,Muma,Bani,LiNkzr,
NYE,VAL,1,junkertown,2,00,Mano,Saebyeolbe,Meko,Ark,Jjonak,Libero,Unkoe,Soon,Agilities,Envy,Kariv,Fate,
NYE,VAL,2,horizon-lunar-colony,1,00,Saebyeolbe,Janus,Meko,Ark,Jjonak,Libero,Unkoe,Soon,Silkthread,Envy,Kariv,Fate,
NYE,VAL,3,oasis,1,00,Mano,Meko,Pine,Ark,Jjonak,Libero,Unkoe,Soon,Silkthread,Envy,Kariv,Fate,
NYE,VAL,4,numbani,0,00,Saebyeolbe,Janus,Meko,Ark,Jjonak,Libero,Unkoe,Soon,Silkthread,Envy,Kariv,Fate,
PHI,GLA,1,junkertown,1,00,Poko,Neptuno,Boombox,fragi,ShaDowBurn,Carpe,Bischu,Hydration,iRemiix,BigGoose,Shaz,Asher,
PHI,GLA,2,temple-of-anubis,1,00,Poko,Boombox,Neptuno,fragi,ShaDowBurn,Carpe,BigGoose,Surefour,iRemiix,Bischu,Asher,Shaz,
PHI,GLA,3,ilios,-1,00,Poko,fragi,Boombox,Carpe,Neptuno,ShaDowBurn,Hydration,Shaz,BigGoose,Asher,Bischu,iRemiix,
PHI,GLA,4,numbani,-1,00,Carpe,ShaDowBurn,fragi,Boombox,Poko,Neptuno,iRemiix,Surefour,Bischu,Asher,Shaz,BigGoose,
PHI,GLA,5,lijiang,-2,00,Poko,fragi,Boombox,Carpe,ShaDowBurn,Neptuno,BigGoose,Shaz,Hydration,Asher,Surefour,iRemiix,
SEO,BOS,1,junkertown,1,00,ZUNBA,tobi,ryujehong,Miro,FLETA,Wekeed,Kellex,DreamKazper,Gamsu,STRIKER,Kalios,Neko,
SEO,BOS,2,horizon-lunar-colony,1,00,ZUNBA,tobi,ryujehong,Miro,FLETA,Bunny,Kellex,DreamKazper,Gamsu,STRIKER,Kalios,Neko,
SEO,BOS,3,oasis,2,00,ZUNBA,tobi,ryujehong,FLETA,Wekeed,Bunny,Kellex,DreamKazper,Gamsu,STRIKER,Kalios,Neko,
SEO,BOS,4,numbani,1,00,ZUNBA,tobi,ryujehong,Miro,FLETA,Wekeed,Kellex,DreamKazper,Gamsu,STRIKER,Kalios,Neko,
SHD,FLA,1,dorado,-1,00,Undead,MG,Diya,Xushu,Freefeel,Altering,Zebbosai,TviQ,Zuppeh,Logix,Manneten,CWoosH,
SHD,FLA,2,temple-of-anubis,-1,00,Undead,MG,Diya,Xushu,Freefeel,Altering,Zebbosai,TviQ,Zuppeh,Logix,Manneten,CWoosH,
SHD,FLA,3,ilios,-2,00,Undead,MG,Diya,Xushu,Freefeel,Altering,Zebbosai,TviQ,Zuppeh,Logix,Manneten,CWoosH,
SHD,FLA,4,numbani,-1,00,Undead,MG,Roshan,Diya,Freefeel,Fiveking,Zebbosai,TviQ,Zuppeh,Logix,Manneten,CWoosH,
LDN,DAL,1,junkertown,1,00,Bdosin,birdring,Fury,NUS,Profit,Gesture,Taimou,HarryHook,Mickie,Chipshajen,EFFECT,cocco,
LDN,DAL,2,horizon-lunar-colony,2,00,Bdosin,birdring,Rascal,Fury,NUS,Gesture,Taimou,HarryHook,Mickie,Chipshajen,EFFECT,cocco,
LDN,DAL,3,oasis,-2,00,Bdosin,birdring,Fury,NUS,Profit,Gesture,Taimou,HarryHook,Chipshajen,Seagull,EFFECT,cocco,
LDN,DAL,4,numbani,1,00,Bdosin,birdring,Fury,NUS,Profit,Gesture,Taimou,HarryHook,Mickie,Chipshajen,EFFECT,cocco,
VAL,LDN,1,dorado,-1,00,Fate,Soon,Unkoe,Kariv,Silkthread,Envy,Bdosin,Fury,Fissure,NUS,Profit,birdring,
VAL,LDN,2,horizon-lunar-colony,-1,00,Agilities,Unkoe,Kariv,Soon,Envy,Fate,Bdosin,Fissure,Fury,NUS,Rascal,birdring,
VAL,LDN,3,oasis,2,00,Envy,Kariv,Agilities,Soon,Unkoe,Fate,Bdosin,Fury,Fissure,NUS,Rascal,birdring,
VAL,LDN,4,eichenwalde,2,00,Envy,Kariv,Soon,Unkoe,Fate,Silkthread,Gesture,Profit,Bdosin,Fury,NUS,birdring,
VAL,LDN,5,lijiang,-2,00,Agilities,Envy,Kariv,Soon,Unkoe,Fate,Bdosin,Fury,Gesture,NUS,Profit,birdring,
GLA,NYE,1,dorado,-1,00,Surefour,Bischu,iRemiix,BigGoose,Shaz,Hydration,Janus,Meko,Pine,Ark,Jjonak,Libero,
GLA,NYE,2,horizon-lunar-colony,-1,00,Surefour,Bischu,iRemiix,BigGoose,Shaz,Hydration,Saebyeolbe,Janus,Meko,Ark,Jjonak,Libero,
GLA,NYE,3,oasis,-2,00,Surefour,Bischu,iRemiix,BigGoose,Shaz,Hydration,Mano,Meko,Pine,Ark,Jjonak,Libero,
GLA,NYE,4,eichenwalde,-1,00,Surefour,Bischu,iRemiix,BigGoose,Shaz,Asher,Mano,Saebyeolbe,Meko,Ark,Jjonak,Libero,
BOS,SFS,1,dorado,-1,00,Gamsu,DreamKazper,STRIKER,Kalios,Neko,Kellex,BABYBAY,sleepy,dhaK,Danteh,Nomy,Nevix,
BOS,SFS,2,horizon-lunar-colony,2,00,Gamsu,DreamKazper,STRIKER,Kalios,Neko,Kellex,BABYBAY,sleepy,Danteh,dhaK,Nomy,Nevix,
BOS,SFS,3,oasis,-2,00,Gamsu,STRIKER,Kalios,Neko,Kellex,DreamKazper,BABYBAY,sleepy,Danteh,dhaK,Nomy,Nevix,
BOS,SFS,4,eichenwalde,2,00,Gamsu,DreamKazper,Kellex,STRIKER,Kalios,Avast,sleepy,Danteh,dhaK,Nomy,Nevix,BABYBAY,
BOS,SFS,5,lijiang,-1,00,Gamsu,DreamKazper,Kellex,STRIKER,Kalios,Neko,BABYBAY,sleepy,Danteh,dhaK,Nomy,Nevix,
SFS,LDN,1,eichenwalde,-1,00,dhaK,sleepy,Danteh,BABYBAY,Nomy,Nevix,Bdosin,birdring,Fissure,Fury,NUS,Hooreg,
SFS,LDN,2,horizon-lunar-colony,-1,00,dhaK,sleepy,Danteh,BABYBAY,Nomy,Nevix,Bdosin,birdring,Fissure,Fury,NUS,Profit,
SFS,LDN,3,oasis,1,00,dhaK,sleepy,Danteh,BABYBAY,Nomy,Nevix,Bdosin,birdring,Fissure,Fury,NUS,Profit,
SFS,LDN,4,junkertown,-1,00,dhaK,sleepy,Danteh,BABYBAY,Nomy,Nevix,Bdosin,birdring,Fissure,Fury,NUS,Profit,
SHD,SEO,1,numbani,-1,00,Undead,Roshan,Diya,Xushu,Freefeel,Altering,tobi,ryujehong,Miro,Wekeed,XepheR,Bunny,
SHD,SEO,2,temple-of-anubis,-1,00,Undead,Roshan,Diya,Xushu,Freefeel,Altering,tobi,ryujehong,Miro,Wekeed,XepheR,Bunny,
SHD,SEO,3,oasis,-1,00,Undead,Roshan,Diya,Xushu,Freefeel,Altering,tobi,ryujehong,Miro,Wekeed,XepheR,Bunny,
SHD,SEO,4,dorado,1,00,Undead,Roshan,Diya,Xushu,Freefeel,Altering,tobi,ryujehong,Miro,Wekeed,XepheR,Bunny,
GLA,VAL,1,eichenwalde,2,00,Surefour,iRemiix,Bischu,Asher,Shaz,BigGoose,Fate,Soon,Envy,Agilities,Kariv,Unkoe,
GLA,VAL,2,horizon-lunar-colony,2,00,Hydration,Shaz,BigGoose,Bischu,Surefour,iRemiix,Fate,Soon,Envy,Agilities,Kariv,Unkoe,
GLA,VAL,3,ilios,-1,00,Asher,Hydration,Shaz,BigGoose,Bischu,iRemiix,Soon,Fate,Envy,Silkthread,Kariv,Unkoe,
GLA,VAL,4,junkertown,-1,00,BigGoose,Shaz,Hydration,Asher,Bischu,iRemiix,Envy,Kariv,Agilities,Soon,Unkoe,Fate,
GLA,VAL,5,lijiang,-1,00,BigGoose,Shaz,iRemiix,Asher,Surefour,Hydration,Envy,Kariv,Agilities,Soon,Unkoe,Fate,
BOS,LDN,1,numbani,-1,00,Gamsu,NotE,Kellex,DreamKazper,STRIKER,Neko,Bdosin,birdring,Fury,NUS,Hooreg,Gesture,
BOS,LDN,2,temple-of-anubis,1,00,Gamsu,NotE,DreamKazper,Kellex,Neko,STRIKER,Bdosin,birdring,Rascal,Gesture,Fury,NUS,
BOS,LDN,3,ilios,1,00,Gamsu,NotE,DreamKazper,Kellex,STRIKER,Neko,Bdosin,Fury,Gesture,NUS,Hooreg,birdring,
BOS,LDN,4,junkertown,-1,00,Gamsu,NotE,DreamKazper,Kellex,Neko,STRIKER,Bdosin,Fury,NUS,Gesture,Profit,birdring,
BOS,LDN,5,lijiang,2,00,Gamsu,NotE,Neko,Kellex,STRIKER,DreamKazper,Bdosin,Fury,NUS,Gesture,birdring,Profit,
PHI,NYE,1,numbani,-1,00,Poko,fragi,Boombox,Carpe,Neptuno,ShaDowBurn,Saebyeolbe,Ark,Jjonak,Meko,Janus,Libero,
PHI,NYE,2,temple-of-anubis,1,00,Poko,ShaDowBurn,Neptuno,Boombox,fragi,Carpe,Saebyeolbe,Ark,Mano,Meko,Libero,Jjonak,
PHI,NYE,3,ilios,-1,00,Poko,fragi,Boombox,Carpe,Neptuno,ShaDowBurn,Pine,Saebyeolbe,Ark,Jjonak,Janus,Meko,
PHI,NYE,4,dorado,1,00,Poko,fragi,Boombox,Carpe,Neptuno,ShaDowBurn,Libero,Janus,Meko,Jjonak,Ark,Saebyeolbe,
PHI,NYE,5,lijiang,2,00,Poko,fragi,ShaDowBurn,Neptuno,Boombox,Carpe,Saebyeolbe,Janus,Meko,Jjonak,Ark,Libero,
HOU,FLA,1,numbani,1,00,Rawkus,Coolmatt,Jake,Muma,Bani,LiNkzr,Zebbosai,TviQ,Zuppeh,Logix,Manneten,CWoosH,
HOU,FLA,2,horizon-lunar-colony,2,00,Rawkus,Coolmatt,Jake,Muma,Bani,LiNkzr,Zebbosai,TviQ,Zuppeh,Logix,Manneten,CWoosH,
HOU,FLA,3,ilios,2,00,Rawkus,Coolmatt,Jake,Muma,Boink,LiNkzr,Zebbosai,TviQ,Zuppeh,Logix,Manneten,CWoosH,
HOU,FLA,4,junkertown,3,00,Rawkus,Coolmatt,Jake,Muma,Bani,LiNkzr,Zebbosai,TviQ,Zuppeh,Logix,Manneten,CWoosH,
SEO,NYE,1,eichenwalde,-1,00,KuKi,Munchkin,tobi,ryujehong,ZUNBA,FLETA,Saebyeolbe,Mano,Meko,Jjonak,Ark,Libero,
SEO,NYE,2,horizon-lunar-colony,1,00,ZUNBA,FLETA,ryujehong,tobi,Munchkin,KuKi,Saebyeolbe,Ark,Jjonak,Mano,Meko,Libero,
SEO,NYE,3,oasis,-1,00,Munchkin,KuKi,FLETA,ryujehong,tobi,ZUNBA,Saebyeolbe,Ark,Jjonak,Mano,Meko,Libero,
SEO,NYE,4,junkertown,1,00,Wekeed,KuKi,FLETA,ZUNBA,tobi,ryujehong,Saebyeolbe,Ark,Jjonak,Mano,Meko,Libero,
SEO,NYE,5,lijiang,-2,00,KuKi,FLETA,Bunny,ryujehong,tobi,ZUNBA,Saebyeolbe,Ark,Jjonak,Mano,Meko,Libero,
SHD,PHI,1,eichenwalde,-1,00,Freefeel,Altering,Undead,Diya,MG,Roshan,fragi,Carpe,DayFly,Hotba,ShaDowBurn,Neptuno,
SHD,PHI,2,horizon-lunar-colony,-1,00,Diya,Undead,Xushu,Freefeel,Altering,Roshan,fragi,Carpe,Neptuno,ShaDowBurn,DayFly,Hotba,
SHD,PHI,3,oasis,1,00,Freefeel,Undead,Altering,Xushu,Diya,Roshan,Carpe,ShaDowBurn,DayFly,Hotba,Neptuno,fragi,
SHD,PHI,4,junkertown,1,00,Roshan,Diya,Fiveking,MG,Undead,Freefeel,fragi,Hotba,DayFly,ShaDowBurn,Neptuno,Carpe,
SHD,PHI,5,lijiang,-2,00,Altering,Roshan,Undead,Freefeel,MG,Diya,Hotba,DayFly,Neptuno,Carpe,ShaDowBurn,fragi,
DAL,SFS,1,eichenwalde,0,00,Custa,Mickie,Chipshajen,Seagull,EFFECT,cocco,dhaK,sleepy,Danteh,BABYBAY,Nomy,Nevix,
DAL,SFS,2,horizon-lunar-colony,1,00,Custa,Mickie,Chipshajen,Seagull,EFFECT,cocco,dhaK,sleepy,Danteh,BABYBAY,Nomy,Nevix,
DAL,SFS,3,ilios,2,00,Custa,Mickie,Chipshajen,Seagull,EFFECT,cocco,dhaK,sleepy,Danteh,BABYBAY,Nomy,Nevix,
DAL,SFS,4,junkertown,2,00,Custa,Mickie,Chipshajen,Seagull,EFFECT,cocco,dhaK,sleepy,Danteh,BABYBAY,Nomy,Nevix,
DAL,BOS,1,numbani,2,00,Seagull,EFFECT,Mickie,cocco,Chipshajen,Custa,DreamKazper,STRIKER,Gamsu,NotE,Neko,Kellex,
DAL,BOS,2,temple-of-anubis,-1,00,Seagull,Chipshajen,Custa,Mickie,EFFECT,cocco,Gamsu,Neko,NotE,DreamKazper,STRIKER,Kellex,
DAL,BOS,3,ilios,-1,00,Seagull,Chipshajen,Custa,Mickie,EFFECT,cocco,Gamsu,NotE,DreamKazper,Kellex,STRIKER,Neko,
DAL,BOS,4,dorado,3,00,Seagull,Chipshajen,Custa,Mickie,EFFECT,cocco,Gamsu,NotE,DreamKazper,Kellex,STRIKER,Neko,
DAL,BOS,5,lijiang,-2,00,Seagull,Chipshajen,Custa,Mickie,EFFECT,cocco,Gamsu,DreamKazper,Kellex,STRIKER,Kalios,Neko,
VAL,FLA,1,eichenwalde,1,00,Unkoe,Soon,Agilities,Envy,Kariv,Fate,Zebbosai,TviQ,Zuppeh,Logix,Manneten,CWoosH,
VAL,FLA,2,temple-of-anubis,2,00,Unkoe,Soon,Agilities,Envy,Kariv,Fate,Zebbosai,TviQ,Zuppeh,Logix,Manneten,CWoosH,
VAL,FLA,3,ilios,2,00,Unkoe,Soon,Silkthread,Envy,Kariv,Fate,Zebbosai,TviQ,Zuppeh,Logix,Manneten,CWoosH,
VAL,FLA,4,dorado,-1,00,Unkoe,Soon,Agilities,Envy,Kariv,Fate,Zebbosai,TviQ,Zuppeh,Logix,Manneten,CWoosH,
GLA,HOU,1,numbani,-1,00,Surefour,Bischu,iRemiix,BigGoose,Shaz,Hydration,Rawkus,Coolmatt,Jake,Muma,Bani,LiNkzr,
GLA,HOU,2,temple-of-anubis,-1,00,Surefour,Bischu,iRemiix,BigGoose,Shaz,Hydration,Rawkus,Coolmatt,Jake,Muma,Bani,LiNkzr,
GLA,HOU,3,ilios,-2,00,Bischu,iRemiix,BigGoose,Shaz,Hydration,Asher,Rawkus,Coolmatt,Jake,Muma,Boink,LiNkzr,
GLA,HOU,4,dorado,-1,00,Surefour,Bischu,iRemiix,BigGoose,Shaz,Hydration,Rawkus,Coolmatt,Jake,Muma,Bani,LiNkzr,
VAL,PHI,1,numbani,1,00,Soon,Silkthread,Verbo,Envy,Kariv,Fate,ShaDowBurn,fragi,Neptuno,Boombox,Carpe,Hotba,
VAL,PHI,2,temple-of-anubis,1,00,Soon,Agilities,Verbo,Envy,Kariv,Fate,ShaDowBurn,fragi,Neptuno,Boombox,Carpe,Hotba,
VAL,PHI,3,oasis,2,00,Soon,Agilities,Verbo,Envy,Kariv,Fate,ShaDowBurn,fragi,Neptuno,Boombox,Carpe,Hotba,
VAL,PHI,4,dorado,1,00,Soon,Agilities,Verbo,Envy,Kariv,Fate,ShaDowBurn,fragi,Neptuno,Boombox,Carpe,Hotba,
FLA,GLA,1,eichenwalde,-1,00,Zebbosai,TviQ,Zuppeh,Logix,Manneten,CWoosH,Surefour,Bischu,iRemiix,BigGoose,Shaz,Hydration,
FLA,GLA,2,horizon-lunar-colony,-1,00,Zebbosai,TviQ,Zuppeh,Logix,Manneten,CWoosH,Surefour,Bischu,iRemiix,BigGoose,Shaz,Hydration,
FLA,GLA,3,oasis,-1,00,Zebbosai,TviQ,Zuppeh,Logix,Manneten,CWoosH,Surefour,Bischu,iRemiix,BigGoose,Shaz,Asher,
FLA,GLA,4,junkertown,1,00,Zebbosai,TviQ,Zuppeh,Logix,Manneten,CWoosH,Bischu,iRemiix,BigGoose,Shaz,Hydration,Asher,
HOU,SFS,1,numbani,1,00,Rawkus,Coolmatt,Jake,Muma,Bani,Clockwork,dhaK,sleepy,Danteh,BABYBAY,Nomy,Nevix,
HOU,SFS,2,temple-of-anubis,1,00,Rawkus,Coolmatt,Jake,Muma,Bani,Clockwork,dhaK,sleepy,Danteh,BABYBAY,Nomy,Nevix,
HOU,SFS,3,oasis,-1,00,Rawkus,Coolmatt,Jake,Muma,Boink,Clockwork,dhaK,sleepy,Danteh,BABYBAY,Nomy,Nevix,
HOU,SFS,4,dorado,2,00,Rawkus,Coolmatt,Jake,Muma,Bani,Clockwork,dhaK,sleepy,Danteh,BABYBAY,Nomy,Nevix,
PHI,DAL,1,eichenwalde,1,00,ShaDowBurn,fragi,Neptuno,Boombox,Carpe,Hotba,Taimou,HarryHook,Mickie,Chipshajen,EFFECT,cocco,
PHI,DAL,2,temple-of-anubis,1,00,ShaDowBurn,fragi,Neptuno,Boombox,Carpe,Hotba,Taimou,HarryHook,Mickie,Chipshajen,EFFECT,cocco,
PHI,DAL,3,ilios,2,00,ShaDowBurn,fragi,Neptuno,Boombox,Carpe,Hotba,Taimou,HarryHook,Mickie,Chipshajen,EFFECT,cocco,
PHI,DAL,4,dorado,1,00,ShaDowBurn,fragi,Neptuno,Boombox,Carpe,Hotba,Taimou,HarryHook,Mickie,Chipshajen,EFFECT,cocco,
NYE,SHD,1,eichenwalde,2,00,Mano,Meko,Pine,Ark,Jjonak,Libero,Undead,MG,Roshan,Diya,Freefeel,Fiveking,
NYE,SHD,2,temple-of-anubis,1,00,Mano,Meko,Pine,Ark,Jjonak,Libero,Undead,MG,Roshan,Diya,Freefeel,Fiveking,
NYE,SHD,3,oasis,1,00,Mano,Meko,Pine,Ark,Jjonak,Libero,Undead,MG,Roshan,Diya,Freefeel,Fiveking,
NYE,SHD,4,dorado,3,00,Mano,Meko,Pine,Ark,Jjonak,Libero,Undead,MG,Roshan,Diya,Freefeel,Fiveking,
LDN,SEO,1,numbani,2,00,birdring,Rascal,Closer,HaGoPeun,WooHyaL,Gesture,ZUNBA,tobi,Miro,gido,FLETA,Bunny,
LDN,SEO,2,temple-of-anubis,2,00,birdring,Profit,Closer,HaGoPeun,WooHyaL,Gesture,ZUNBA,tobi,Miro,gido,FLETA,Bunny,
LDN,SEO,3,ilios,2,00,Bdosin,Fury,NUS,Hooreg,Profit,Gesture,ZUNBA,tobi,Miro,gido,FLETA,Bunny,
LDN,SEO,4,dorado,1,00,birdring,Profit,Closer,HaGoPeun,WooHyaL,Gesture,ZUNBA,tobi,Miro,gido,FLETA,Bunny,
SFS,FLA,1,numbani,1,00,dhaK,sleepy,Danteh,BABYBAY,Nomy,Nevix,Zebbosai,TviQ,Zuppeh,Logix,Manneten,CWoosH,
SFS,FLA,2,temple-of-anubis,1,00,dhaK,sleepy,Danteh,BABYBAY,Nomy,Nevix,Zebbosai,TviQ,Zuppeh,Logix,Manneten,CWoosH,
SFS,FLA,3,ilios,2,00,dhaK,sleepy,Danteh,BABYBAY,Nomy,Nevix,Zebbosai,TviQ,Zuppeh,Logix,Manneten,CWoosH,
SFS,FLA,4,junkertown,1,00,dhaK,sleepy,Danteh,BABYBAY,Nomy,Nevix,Zebbosai,TviQ,Zuppeh,Logix,Manneten,CWoosH,
SEO,HOU,1,eichenwalde,-1,00,Wekeed,FLETA,tobi,ryujehong,ZUNBA,Miro,Muma,Coolmatt,Jake,Rawkus,Clockwork,Bani,
SEO,HOU,2,horizon-lunar-colony,1,00,Wekeed,Miro,tobi,ryujehong,ZUNBA,FLETA,Muma,Coolmatt,Clockwork,Bani,Jake,Rawkus,
SEO,HOU,3,ilios,2,00,Munchkin,FLETA,ZUNBA,Miro,ryujehong,tobi,Jake,Rawkus,Coolmatt,Muma,Boink,Clockwork,
SEO,HOU,4,junkertown,-1,00,Wekeed,FLETA,ZUNBA,Miro,tobi,ryujehong,Muma,Coolmatt,Clockwork,Jake,Rawkus,Bani,
SEO,HOU,5,lijiang,1,00,Munchkin,FLETA,ZUNBA,Miro,ryujehong,tobi,Boink,Coolmatt,Muma,Clockwork,Jake,Rawkus,
GLA,BOS,1,numbani,-1,00,Surefour,Bischu,iRemiix,BigGoose,Shaz,Hydration,Kellex,DreamKazper,Gamsu,NotE,STRIKER,Neko,
GLA,BOS,2,temple-of-anubis,-1,00,Surefour,Bischu,iRemiix,BigGoose,Shaz,Hydration,Kellex,DreamKazper,Gamsu,NotE,STRIKER,Neko,
GLA,BOS,3,oasis,-2,00,Surefour,Bischu,iRemiix,BigGoose,Shaz,Asher,Kellex,DreamKazper,Gamsu,NotE,STRIKER,Neko,
GLA,BOS,4,dorado,-1,00,Surefour,Bischu,iRemiix,BigGoose,Shaz,Hydration,Kellex,DreamKazper,Gamsu,NotE,STRIKER,Neko,
SHD,LDN,1,eichenwalde,-1,00,Undead,Roshan,Diya,Xushu,Freefeel,Fiveking,Hooreg,Profit,Closer,HaGoPeun,WooHyaL,Gesture,
SHD,LDN,2,horizon-lunar-colony,-1,00,Undead,Roshan,Diya,Xushu,Freefeel,Fiveking,birdring,Fury,Profit,Closer,HaGoPeun,Gesture,
SHD,LDN,3,ilios,-2,00,Undead,Roshan,Diya,Xushu,Freefeel,Altering,Bdosin,NUS,Hooreg,Profit,Closer,Gesture,
SHD,LDN,4,junkertown,-1,00,Undead,Roshan,Diya,Xushu,Freefeel,Fiveking,Bdosin,birdring,NUS,Profit,WooHyaL,Gesture,
DAL,NYE,1,numbani,-1,00,Taimou,HarryHook,Mickie,Chipshajen,EFFECT,cocco,Saebyeolbe,Janus,Meko,Ark,Jjonak,Libero,
DAL,NYE,2,temple-of-anubis,-2,00,Taimou,HarryHook,Mickie,Chipshajen,EFFECT,cocco,Mano,Saebyeolbe,Meko,Ark,Jjonak,Libero,
DAL,NYE,3,oasis,1,00,Taimou,HarryHook,Mickie,Chipshajen,EFFECT,cocco,Mano,Meko,Pine,Ark,Jjonak,Libero,
DAL,NYE,4,dorado,-1,00,Taimou,HarryHook,Mickie,Chipshajen,EFFECT,cocco,Mano,Meko,Pine,Ark,Jjonak,Libero,
BOS,VAL,1,eichenwalde,2,00,Kellex,DreamKazper,Gamsu,NotE,STRIKER,Neko,Soon,Agilities,Verbo,Envy,Kariv,Fate,
BOS,VAL,2,horizon-lunar-colony,1,00,Kellex,DreamKazper,Gamsu,NotE,STRIKER,Neko,Soon,Agilities,Verbo,Envy,Kariv,Fate,
BOS,VAL,3,oasis,2,00,Kellex,DreamKazper,Gamsu,NotE,STRIKER,Neko,Soon,Agilities,Verbo,Envy,Kariv,Fate,
BOS,VAL,4,junkertown,2,00,Kellex,DreamKazper,Gamsu,NotE,STRIKER,Neko,Soon,Agilities,Verbo,Envy,Kariv,Fate,
SHD,DAL,1,eichenwalde,1,00,MG,Diya,Undead,Freefeel,Altering,Roshan,Seagull,Taimou,Chipshajen,Mickie,HarryHook,cocco,
SHD,DAL,2,horizon-lunar-colony,-1,00,MG,Diya,Undead,Freefeel,Altering,Roshan,Seagull,Taimou,Chipshajen,Mickie,cocco,HarryHook,
SHD,DAL,3,oasis,-2,00,MG,Diya,Undead,Freefeel,Altering,Roshan,Seagull,Taimou,Chipshajen,Mickie,HarryHook,cocco,
SHD,DAL,4,dorado,1,00,MG,Diya,Undead,Freefeel,Altering,Roshan,Seagull,Taimou,Mickie,HarryHook,cocco,Chipshajen,
SHD,DAL,5,lijiang,-1,00,MG,Diya,Undead,Freefeel,Altering,Roshan,Seagull,Taimou,Chipshajen,Mickie,HarryHook,cocco,
SFS,GLA,1,numbani,1,00,dhaK,sleepy,Danteh,BABYBAY,Nomy,Nevix,Surefour,Bischu,iRemiix,BigGoose,Shaz,Asher,
SFS,GLA,2,horizon-lunar-colony,-1,00,dhaK,sleepy,Danteh,BABYBAY,Nomy,Nevix,Surefour,Bischu,iRemiix,BigGoose,Shaz,Hydration,
SFS,GLA,3,oasis,-2,00,dhaK,sleepy,Danteh,BABYBAY,Nomy,Nevix,Surefour,Bischu,iRemiix,BigGoose,Shaz,Asher,
SFS,GLA,4,junkertown,-1,00,dhaK,sleepy,Danteh,BABYBAY,Nomy,Nevix,Bischu,iRemiix,BigGoose,Shaz,Hydration,Asher,
VAL,SEO,1,eichenwalde,2,00,Unkoe,Soon,Silkthread,Envy,Kariv,Fate,ZUNBA,ryujehong,Miro,gido,FLETA,Bunny,
VAL,SEO,2,temple-of-anubis,0,00,Unkoe,Soon,Agilities,Envy,Kariv,Fate,ZUNBA,ryujehong,Miro,gido,Wekeed,Munchkin,
VAL,SEO,3,oasis,2,00,Unkoe,Soon,Agilities,Envy,Kariv,Fate,ZUNBA,tobi,ryujehong,Miro,FLETA,Bunny,
VAL,SEO,4,dorado,1,00,Unkoe,Soon,Agilities,Envy,Kariv,Fate,ZUNBA,tobi,ryujehong,Miro,FLETA,Bunny,
PHI,BOS,1,eichenwalde,-1,00,ShaDowBurn,fragi,Neptuno,Boombox,Carpe,Poko,Kellex,DreamKazper,Gamsu,NotE,STRIKER,Neko,
PHI,BOS,2,horizon-lunar-colony,-1,00,ShaDowBurn,fragi,Neptuno,Boombox,Carpe,Poko,Kellex,DreamKazper,Gamsu,NotE,STRIKER,Neko,
PHI,BOS,3,ilios,-2,00,ShaDowBurn,fragi,Neptuno,Boombox,Carpe,Poko,Kellex,DreamKazper,Gamsu,NotE,STRIKER,Neko,
PHI,BOS,4,junkertown,-1,00,ShaDowBurn,fragi,Neptuno,Boombox,Carpe,Poko,Kellex,DreamKazper,Gamsu,NotE,STRIKER,Neko,
FLA,NYE,1,eichenwalde,-1,00,Zebbosai,TviQ,Zuppeh,Logix,Manneten,CWoosH,Mano,Meko,Pine,Ark,Jjonak,Libero,
FLA,NYE,2,horizon-lunar-colony,0,00,Zebbosai,TviQ,Zuppeh,Logix,Manneten,CWoosH,Mano,Meko,Pine,Ark,Jjonak,Libero,
FLA,NYE,3,ilios,-2,00,Zebbosai,TviQ,Zuppeh,Logix,Manneten,CWoosH,Janus,Meko,Pine,Ark,Jjonak,Libero,
FLA,NYE,4,junkertown,-1,00,Zebbosai,TviQ,Zuppeh,Logix,Manneten,CWoosH,Mano,Meko,Pine,Ark,Jjonak,Libero,
LDN,HOU,1,eichenwalde,-1,00,birdring,Profit,Closer,HaGoPeun,WooHyaL,Gesture,Rawkus,Coolmatt,Jake,Muma,Bani,LiNkzr,
LDN,HOU,2,temple-of-anubis,-1,00,birdring,Fury,Profit,Closer,HaGoPeun,Gesture,Rawkus,Coolmatt,Jake,Muma,Bani,LiNkzr,
LDN,HOU,3,oasis,-2,00,Bdosin,birdring,Fury,NUS,Profit,Gesture,Rawkus,Coolmatt,Jake,Muma,Bani,LiNkzr,
LDN,HOU,4,dorado,1,00,Bdosin,birdring,NUS,Profit,WooHyaL,Gesture,Rawkus,Coolmatt,Jake,Muma,Bani,LiNkzr,
GLA,DAL,1,eichenwalde,-1,00,Surefour,Bischu,iRemiix,BigGoose,Shaz,Hydration,Taimou,HarryHook,Mickie,Chipshajen,Seagull,cocco,
GLA,DAL,2,temple-of-anubis,-1,00,Surefour,Bischu,iRemiix,BigGoose,Shaz,Hydration,Taimou,HarryHook,Mickie,Chipshajen,Seagull,cocco,
GLA,DAL,3,oasis,-2,00,Surefour,Bischu,iRemiix,BigGoose,Shaz,Asher,Taimou,HarryHook,Mickie,Chipshajen,Seagull,cocco,
GLA,DAL,4,dorado,3,00,Surefour,Bischu,iRemiix,BigGoose,Shaz,Hydration,Taimou,HarryHook,Mickie,Chipshajen,Seagull,cocco,
SEO,SFS,1,eichenwalde,1,00,Miro,Bunny,tobi,ryujehong,ZUNBA,FLETA,BABYBAY,sleepy,Danteh,dhaK,Nomy,Nevix,
SEO,SFS,2,temple-of-anubis,-1,00,Munchkin,Wekeed,ryujehong,tobi,Miro,ZUNBA,BABYBAY,sleepy,Danteh,dhaK,Nomy,Nevix,
SEO,SFS,3,ilios,-1,00,Miro,ZUNBA,ryujehong,Bunny,tobi,FLETA,BABYBAY,sleepy,Danteh,dhaK,Nomy,Nevix,
SEO,SFS,4,dorado,1,00,Miro,Bunny,tobi,ryujehong,ZUNBA,FLETA,BABYBAY,sleepy,Danteh,dhaK,Nomy,Nevix,
SEO,SFS,5,lijiang,2,00,ZUNBA,Miro,tobi,ryujehong,Bunny,FLETA,BABYBAY,sleepy,Danteh,Nomy,dhaK,Nevix,
VAL,SHD,1,numbani,2,00,Unkoe,Soon,Silkthread,Envy,Kariv,Fate,Undead,MG,Roshan,Diya,Freefeel,Altering,
VAL,SHD,2,temple-of-anubis,1,00,Unkoe,Soon,Agilities,Envy,Kariv,Fate,Undead,MG,Roshan,Diya,Freefeel,Altering,
VAL,SHD,3,ilios,2,00,Unkoe,Soon,Silkthread,Envy,Kariv,Fate,Undead,MG,Roshan,Diya,Freefeel,Fiveking,
VAL,SHD,4,junkertown,3,00,Unkoe,Soon,Agilities,Envy,Kariv,Fate,Undead,Roshan,Diya,Xushu,Freefeel,Fiveking,
NYE,LDN,1,eichenwalde,-1,00,Saebyeolbe,Mano,Meko,Jjonak,Ark,Libero,Bdosin,NUS,Gesture,Profit,WooHyaL,birdring,
NYE,LDN,2,temple-of-anubis,1,00,Saebyeolbe,Ark,Libero,Meko,Mano,Jjonak,Fury,birdring,Bdosin,NUS,Profit,Gesture,
NYE,LDN,3,ilios,2,00,Pine,Janus,Meko,Jjonak,Ark,Saebyeolbe,Bdosin,NUS,Gesture,Profit,Fury,birdring,
NYE,LDN,4,dorado,-1,00,Libero,Janus,Meko,Jjonak,Ark,Saebyeolbe,WooHyaL,Bdosin,NUS,Profit,Gesture,birdring,
NYE,LDN,5,lijiang,2,00,Saebyeolbe,Mano,Ark,Libero,Meko,Jjonak,Bdosin,WooHyaL,Gesture,Profit,birdring,NUS,
HOU,BOS,1,eichenwalde,1,00,Muma,Bani,LiNkzr,Rawkus,Jake,Coolmatt,DreamKazper,STRIKER,Gamsu,NotE,Neko,Kellex,
HOU,BOS,2,temple-of-anubis,-1,00,Bani,LiNkzr,Muma,Coolmatt,Jake,Rawkus,Gamsu,DreamKazper,STRIKER,Kellex,Neko,NotE,
HOU,BOS,3,ilios,-2,00,Rawkus,Jake,Muma,Coolmatt,Boink,LiNkzr,Gamsu,DreamKazper,Kellex,Neko,STRIKER,NotE,
HOU,BOS,4,dorado,1,00,Muma,Coolmatt,LiNkzr,Jake,Rawkus,Bani,Gamsu,NotE,DreamKazper,Kellex,STRIKER,Neko,
HOU,BOS,5,lijiang,1,00,Muma,Coolmatt,Bani,Rawkus,Jake,LiNkzr,Gamsu,NotE,Neko,Kellex,DreamKazper,STRIKER,
FLA,PHI,1,numbani,-1,00,Manneten,Zebbosai,CWoosH,TviQ,Zuppeh,Logix,Carpe,ShaDowBurn,fragi,Boombox,Poko,Neptuno,
FLA,PHI,2,horizon-lunar-colony,1,00,Logix,Manneten,Zebbosai,CWoosH,TviQ,Zuppeh,Poko,fragi,Boombox,Carpe,ShaDowBurn,Neptuno,
FLA,PHI,3,oasis,2,00,Logix,Manneten,Zebbosai,CWoosH,TviQ,Zuppeh,Poko,fragi,Carpe,Boombox,Neptuno,ShaDowBurn,
FLA,PHI,4,junkertown,-1,00,Logix,Manneten,Zebbosai,CWoosH,TviQ,Zuppeh,Poko,fragi,Boombox,Carpe,Neptuno,ShaDowBurn,
FLA,PHI,5,lijiang,-1,00,Logix,Manneten,Zebbosai,CWoosH,TviQ,Zuppeh,Carpe,fragi,Poko,Boombox,Neptuno,ShaDowBurn,
LDN,HOU,1,dorado,-1,00,birdring,WooHyaL,Gesture,Profit,NUS,Bdosin,Muma,Coolmatt,Bani,Rawkus,Jake,LiNkzr,
LDN,HOU,2,ilios,2,00,Fury,birdring,Gesture,Profit,NUS,Bdosin,Muma,Coolmatt,LiNkzr,Jake,Rawkus,Bani,
LDN,HOU,3,temple-of-anubis,2,00,Bdosin,NUS,Gesture,Fury,Profit,birdring,Muma,Coolmatt,LiNkzr,Jake,Rawkus,Bani,
LDN,HOU,4,eichenwalde,1,00,Bdosin,NUS,Gesture,birdring,Fury,Profit,Muma,Coolmatt,Jake,LiNkzr,Rawkus,Bani,
LDN,NYE,1,junkertown,-1,00,Bdosin,NUS,Gesture,Profit,WooHyaL,birdring,Pine,Mano,Meko,Jjonak,Libero,Ark,
LDN,NYE,2,oasis,-2,00,Bdosin,NUS,Fury,Gesture,Profit,birdring,Saebyeolbe,Ark,Jjonak,Mano,Meko,Libero,
LDN,NYE,3,horizon-lunar-colony,1,00,Bdosin,NUS,Gesture,Profit,Fury,birdring,Saebyeolbe,Janus,Jjonak,Meko,Libero,Ark,
LDN,NYE,4,numbani,1,00,Bdosin,NUS,Gesture,Rascal,Fury,birdring,Saebyeolbe,Janus,Meko,Jjonak,Ark,Libero,
LDN,NYE,5,dorado,1,00,Bdosin,NUS,Profit,Fury,birdring,Gesture,Saebyeolbe,Janus,Meko,Jjonak,Ark,Libero,
SEO,VAL,1,volskaya,2,00,ZUNBA,tobi,ryujehong,Miro,FLETA,Bunny,Unkoe,Soon,Agilities,Verbo,Envy,Fate,
SEO,VAL,2,nepal,2,00,ZUNBA,tobi,ryujehong,Miro,FLETA,Bunny,Unkoe,Soon,Agilities,Verbo,Envy,Fate,
SEO,VAL,3,kings-row,1,00,ZUNBA,tobi,ryujehong,Miro,FLETA,Bunny,Unkoe,Soon,Agilities,Verbo,Envy,Fate,
SEO,VAL,4,route-66,2,00,ZUNBA,tobi,ryujehong,Miro,FLETA,Bunny,Unkoe,Soon,Agilities,Verbo,Envy,Fate,
DAL,SHD,1,volskaya,2,00,Taimou,Custa,HarryHook,Mickie,aKm,EFFECT,Undead,MG,Roshan,Diya,Xushu,Fiveking,
DAL,SHD,2,nepal,2,00,Taimou,Custa,HarryHook,Mickie,aKm,EFFECT,Undead,Roshan,Diya,Xushu,Altering,Fiveking,
DAL,SHD,3,hollywood,-1,00,Taimou,Custa,HarryHook,Mickie,aKm,EFFECT,Undead,Roshan,Diya,Xushu,Altering,Fiveking,
DAL,SHD,4,route-66,2,00,Taimou,Custa,HarryHook,Mickie,EFFECT,Rascal,Undead,Roshan,Diya,Xushu,Altering,Fiveking,
GLA,SFS,1,hanamura,1,00,Surefour,Bischu,BigGoose,Shaz,Hydration,Fissure,dhaK,sleepy,Danteh,BABYBAY,Nomy,Nevix,
GLA,SFS,2,nepal,1,00,Bischu,BigGoose,Shaz,Hydration,Asher,Fissure,dhaK,sleepy,Danteh,BABYBAY,Nomy,Nevix,
GLA,SFS,3,kings-row,2,00,Surefour,Bischu,BigGoose,Shaz,Hydration,Fissure,dhaK,sleepy,Danteh,BABYBAY,Nomy,Nevix,
GLA,SFS,4,gibraltar,1,00,Surefour,Bischu,BigGoose,Shaz,Asher,Fissure,dhaK,sleepy,Danteh,BABYBAY,Nomy,Nevix,
HOU,LDN,1,volskaya,-1,00,Coolmatt,Muma,Bani,Boink,Clockwork,LiNkzr,birdring,Profit,Closer,HaGoPeun,WooHyaL,Gesture,
HOU,LDN,2,nepal,1,00,Rawkus,Coolmatt,Jake,Muma,Boink,LiNkzr,birdring,Profit,Closer,HaGoPeun,WooHyaL,Gesture,
HOU,LDN,3,kings-row,1,00,SPREE,Rawkus,Jake,Muma,Boink,LiNkzr,birdring,Fury,Profit,Closer,HaGoPeun,Gesture,
HOU,LDN,4,route-66,-1,00,Rawkus,Coolmatt,Jake,Muma,Boink,LiNkzr,birdring,Fury,Profit,Closer,HaGoPeun,Gesture,
HOU,LDN,5,ilios,2,00,Rawkus,Coolmatt,Jake,Muma,Boink,LiNkzr,birdring,Fury,Profit,Closer,HaGoPeun,Gesture,
NYE,FLA,1,hanamura,1,00,Mano,Saebyeolbe,Janus,Meko,Pine,Jjonak,Zebbosai,TviQ,Zuppeh,Logix,Manneten,CWoosH,
NYE,FLA,2,lijiang,-1,00,Mano,Saebyeolbe,Janus,Meko,Jjonak,Libero,Zebbosai,TviQ,Zuppeh,Logix,Manneten,CWoosH,
NYE,FLA,3,kings-row,1,00,Mano,Saebyeolbe,Janus,Meko,Jjonak,Libero,Zebbosai,TviQ,Zuppeh,Logix,Manneten,CWoosH,
NYE,FLA,4,gibraltar,2,00,Mano,Saebyeolbe,Janus,Meko,Pine,Jjonak,Zebbosai,TviQ,Zuppeh,Logix,Manneten,CWoosH,
BOS,PHI,1,hanamura,-1,00,Kellex,DreamKazper,Gamsu,NotE,STRIKER,Neko,fragi,Neptuno,Boombox,Eqo,Carpe,Poko,
BOS,PHI,2,lijiang,-1,00,Kellex,DreamKazper,Gamsu,STRIKER,Kalios,Neko,fragi,Neptuno,Boombox,Eqo,Carpe,Poko,
BOS,PHI,3,hollywood,-1,00,Kellex,DreamKazper,Gamsu,NotE,STRIKER,Neko,fragi,Neptuno,Boombox,Eqo,Carpe,Poko,
BOS,PHI,4,gibraltar,-1,00,Kellex,DreamKazper,Gamsu,NotE,STRIKER,Neko,fragi,Neptuno,Boombox,Eqo,Carpe,Poko,
LDN,NYE,1,volskaya,2,00,birdring,Profit,Closer,HaGoPeun,WooHyaL,Gesture,Mano,Saebyeolbe,Janus,Meko,Pine,Jjonak,
LDN,NYE,2,lijiang,-2,00,Bdosin,birdring,Profit,Closer,WooHyaL,Gesture,Mano,Saebyeolbe,Janus,Meko,Jjonak,Libero,
LDN,NYE,3,kings-row,-1,00,birdring,Fury,Profit,Closer,HaGoPeun,Gesture,Mano,Saebyeolbe,Janus,Meko,Jjonak,Libero,
LDN,NYE,4,gibraltar,1,00,birdring,Fury,Profit,Closer,HaGoPeun,Gesture,Mano,Saebyeolbe,Janus,Meko,Pine,Jjonak,
LDN,NYE,5,ilios,2,00,birdring,Fury,Profit,Closer,HaGoPeun,Gesture,Mano,Saebyeolbe,Janus,Meko,Pine,Jjonak,
DAL,GLA,1,hanamura,1,00,Custa,HarryHook,Mickie,aKm,xQc,EFFECT,Surefour,Bischu,BigGoose,Shaz,Hydration,Fissure,
DAL,GLA,2,lijiang,-1,00,Custa,HarryHook,Mickie,xQc,EFFECT,Rascal,Bischu,BigGoose,Shaz,Hydration,Asher,Fissure,
DAL,GLA,3,kings-row,1,00,Custa,HarryHook,Mickie,aKm,xQc,Rascal,Surefour,Bischu,BigGoose,Shaz,Hydration,Fissure,
DAL,GLA,4,gibraltar,3,00,Custa,HarryHook,Mickie,aKm,xQc,EFFECT,Surefour,Bischu,BigGoose,Shaz,Asher,Fissure,
SFS,SEO,1,hanamura,1,00,dhaK,sleepy,Danteh,BABYBAY,Nomy,Nevix,ZUNBA,tobi,ryujehong,Miro,FLETA,Munchkin,
SFS,SEO,2,lijiang,-1,00,dhaK,sleepy,Danteh,BABYBAY,Nomy,Nevix,ZUNBA,tobi,ryujehong,Miro,FLETA,Munchkin,
SFS,SEO,3,hollywood,-1,00,dhaK,sleepy,Danteh,BABYBAY,Nomy,Nevix,ZUNBA,tobi,ryujehong,Miro,FLETA,Munchkin,
SFS,SEO,4,gibraltar,-1,00,dhaK,sleepy,Danteh,BABYBAY,Nomy,Nevix,ZUNBA,tobi,ryujehong,Miro,FLETA,Munchkin,
PHI,FLA,1,hanamura,2,00,fragi,Neptuno,Boombox,Eqo,Carpe,Poko,Zebbosai,TviQ,Zuppeh,Logix,Manneten,CWoosH,
PHI,FLA,2,nepal,2,00,fragi,Neptuno,Boombox,Eqo,Carpe,Poko,Zebbosai,TviQ,Zuppeh,Logix,Manneten,CWoosH,
PHI,FLA,3,hollywood,3,00,fragi,Neptuno,Boombox,Eqo,Carpe,Poko,Zebbosai,TviQ,Zuppeh,Logix,Manneten,CWoosH,
PHI,FLA,4,gibraltar,2,00,fragi,Neptuno,Boombox,Eqo,Carpe,Poko,Zebbosai,TviQ,Zuppeh,Logix,Manneten,CWoosH,
BOS,HOU,1,hanamura,-1,00,Kellex,DreamKazper,Gamsu,STRIKER,Kalios,Neko,Rawkus,Clockwork,Coolmatt,Muma,Bani,LiNkzr,
BOS,HOU,2,lijiang,-2,00,Kellex,DreamKazper,Gamsu,STRIKER,Kalios,Neko,Rawkus,Coolmatt,Jake,Muma,Boink,LiNkzr,
BOS,HOU,3,kings-row,-1,00,Kellex,DreamKazper,Gamsu,NotE,Kalios,Neko,SPREE,Rawkus,Jake,Muma,Boink,LiNkzr,
BOS,HOU,4,gibraltar,-1,00,Kellex,DreamKazper,Gamsu,NotE,STRIKER,Neko,Rawkus,Coolmatt,Jake,Muma,Bani,LiNkzr,
SHD,VAL,1,hanamura,0,00,Undead,MG,Roshan,Diya,Freefeel,Altering,Unkoe,Soon,Verbo,Envy,Kariv,Fate,
SHD,VAL,2,lijiang,-1,00,Undead,MG,Roshan,Diya,Altering,Fiveking,Unkoe,Soon,Agilities,Verbo,Envy,Fate,
SHD,VAL,3,kings-row,-1,00,Undead,MG,Roshan,Diya,Altering,Fiveking,Unkoe,Soon,Verbo,Envy,Kariv,Fate,
SHD,VAL,4,gibraltar,-1,00,Undead,MG,Roshan,Diya,Freefeel,Altering,Unkoe,Soon,Agilities,Verbo,Envy,Fate,
SEO,DAL,1,hanamura,1,00,ZUNBA,tobi,ryujehong,Miro,FLETA,Munchkin,Custa,HarryHook,Mickie,aKm,xQc,EFFECT,
SEO,DAL,2,nepal,1,00,ZUNBA,tobi,ryujehong,Miro,FLETA,Munchkin,Custa,HarryHook,Mickie,aKm,xQc,EFFECT,
SEO,DAL,3,hollywood,-1,00,ZUNBA,tobi,ryujehong,Miro,FLETA,Wekeed,Custa,HarryHook,Mickie,aKm,xQc,EFFECT,
SEO,DAL,4,route-66,1,00,ZUNBA,tobi,ryujehong,Miro,FLETA,Munchkin,Custa,HarryHook,Mickie,xQc,EFFECT,Rascal,
VAL,SFS,1,volskaya,-1,00,Unkoe,Soon,Verbo,Envy,Kariv,Fate,dhaK,sleepy,Danteh,BABYBAY,Nomy,Nevix,
VAL,SFS,2,lijiang,2,00,Unkoe,Soon,Verbo,Envy,Kariv,Fate,dhaK,sleepy,Danteh,BABYBAY,Nomy,Nevix,
VAL,SFS,3,kings-row,1,00,Unkoe,Soon,Verbo,Envy,Kariv,Fate,dhaK,sleepy,Danteh,BABYBAY,Nomy,Nevix,
VAL,SFS,4,gibraltar,1,00,Unkoe,Soon,Verbo,Envy,Kariv,Fate,dhaK,sleepy,Danteh,BABYBAY,Nomy,Nevix,
GLA,SHD,1,volskaya,2,00,Surefour,Bischu,BigGoose,Shaz,Asher,Fissure,Undead,MG,Roshan,Diya,Xushu,Fiveking,
GLA,SHD,2,nepal,2,00,Bischu,BigGoose,Shaz,Hydration,Asher,Fissure,Undead,MG,Roshan,Diya,Freefeel,Altering,
GLA,SHD,3,kings-row,1,00,Surefour,Bischu,BigGoose,Shaz,Hydration,Fissure,Undead,MG,Roshan,Diya,Altering,Fiveking,
GLA,SHD,4,route-66,3,00,Surefour,Bischu,BigGoose,Shaz,Asher,Fissure,Undead,MG,Roshan,Diya,Freefeel,Altering,
FLA,LDN,1,volskaya,1,00,Zebbosai,TviQ,Zuppeh,Logix,Manneten,CWoosH,Hooreg,Profit,Closer,HaGoPeun,WooHyaL,Gesture,
FLA,LDN,2,lijiang,-2,00,Zebbosai,TviQ,Zuppeh,Logix,Manneten,CWoosH,Hooreg,Profit,Closer,HaGoPeun,WooHyaL,Gesture,
FLA,LDN,3,kings-row,-1,00,Zebbosai,TviQ,Zuppeh,Logix,Manneten,CWoosH,Hooreg,Profit,Closer,HaGoPeun,WooHyaL,Gesture,
FLA,LDN,4,route-66,-1,00,Zebbosai,TviQ,Zuppeh,Logix,Manneten,CWoosH,Hooreg,Profit,Closer,HaGoPeun,WooHyaL,Gesture,
HOU,PHI,1,volskaya,1,00,Rawkus,Coolmatt,Muma,Boink,Clockwork,LiNkzr,ShaDowBurn,fragi,Neptuno,Carpe,Poko,DayFly,
HOU,PHI,2,nepal,2,00,Rawkus,Coolmatt,Jake,Muma,Boink,LiNkzr,ShaDowBurn,fragi,Neptuno,Boombox,Carpe,Poko,
HOU,PHI,3,hollywood,-1,00,Rawkus,Coolmatt,Jake,Muma,Boink,LiNkzr,ShaDowBurn,fragi,Neptuno,Boombox,Carpe,Poko,
HOU,PHI,4,route-66,-1,00,Rawkus,Coolmatt,Jake,Muma,Boink,LiNkzr,ShaDowBurn,fragi,Neptuno,Boombox,Carpe,Poko,
HOU,PHI,5,ilios,-1,00,Rawkus,Coolmatt,Jake,Muma,Boink,LiNkzr,ShaDowBurn,fragi,Neptuno,Boombox,Carpe,Poko,
NYE,BOS,1,hanamura,1,00,Mano,Saebyeolbe,Meko,Ark,Jjonak,Libero,Kellex,DreamKazper,Gamsu,NotE,STRIKER,Neko,
NYE,BOS,2,nepal,1,00,Mano,Saebyeolbe,Meko,Ark,Jjonak,Libero,Kellex,DreamKazper,Gamsu,NotE,STRIKER,Neko,
NYE,BOS,3,kings-row,1,00,Saebyeolbe,Janus,Meko,Ark,Jjonak,Libero,Kellex,Gamsu,NotE,STRIKER,Kalios,Neko,
NYE,BOS,4,gibraltar,3,00,Mano,Saebyeolbe,Meko,Ark,Jjonak,Libero,Kellex,DreamKazper,Gamsu,NotE,STRIKER,Neko,
BOS,FLA,1,volskaya,2,00,Kellex,DreamKazper,NotE,STRIKER,Kalios,Neko,Zebbosai,TviQ,Zuppeh,Logix,Manneten,CWoosH,
BOS,FLA,2,lijiang,1,00,Kellex,DreamKazper,NotE,STRIKER,Kalios,Neko,Zebbosai,TviQ,Zuppeh,Logix,Manneten,CWoosH,
BOS,FLA,3,hollywood,2,00,Kellex,Mistakes,NotE,STRIKER,Kalios,Neko,Zebbosai,TviQ,Zuppeh,Logix,Manneten,CWoosH,
BOS,FLA,4,route-66,3,00,Kellex,Mistakes,NotE,STRIKER,Kalios,Neko,Zebbosai,TviQ,Zuppeh,Logix,Manneten,CWoosH,
GLA,SEO,1,hanamura,-1,00,Surefour,Bischu,BigGoose,Shaz,Hydration,Fissure,ZUNBA,tobi,ryujehong,Miro,FLETA,Munchkin,
GLA,SEO,2,nepal,2,00,Bischu,BigGoose,Shaz,Hydration,Asher,Fissure,ZUNBA,tobi,ryujehong,Miro,FLETA,Munchkin,
GLA,SEO,3,hollywood,-1,00,Surefour,Bischu,BigGoose,Shaz,Asher,Fissure,ZUNBA,tobi,ryujehong,Miro,FLETA,Munchkin,
GLA,SEO,4,gibraltar,-1,00,Surefour,Bischu,BigGoose,Shaz,Asher,Fissure,ZUNBA,tobi,ryujehong,Miro,FLETA,Munchkin,
DAL,VAL,1,hanamura,-1,00,Custa,HarryHook,Mickie,aKm,xQc,EFFECT,Unkoe,Soon,Verbo,Envy,Kariv,Fate,
DAL,VAL,2,nepal,-1,00,Custa,HarryHook,Mickie,aKm,xQc,EFFECT,Unkoe,Soon,Verbo,Envy,Kariv,Fate,
DAL,VAL,3,hollywood,-1,00,Custa,HarryHook,Mickie,aKm,xQc,EFFECT,Unkoe,Soon,Verbo,Envy,Kariv,Fate,
DAL,VAL,4,gibraltar,1,00,Custa,HarryHook,Mickie,aKm,xQc,EFFECT,Unkoe,Soon,Verbo,Envy,Kariv,Fate,
PHI,LDN,1,hanamura,-1,00,ShaDowBurn,fragi,Neptuno,Boombox,Carpe,Poko,Bdosin,birdring,Fury,NUS,Profit,Gesture,
PHI,LDN,2,nepal,-2,00,ShaDowBurn,fragi,Neptuno,Boombox,Carpe,Poko,Bdosin,birdring,Fury,NUS,Profit,Gesture,
PHI,LDN,3,hollywood,-1,00,ShaDowBurn,fragi,Neptuno,Boombox,Carpe,Poko,Bdosin,birdring,Fury,NUS,Profit,Gesture,
PHI,LDN,4,route-66,-1,00,ShaDowBurn,fragi,Neptuno,Boombox,Carpe,Poko,Bdosin,birdring,Fury,NUS,Profit,Gesture,
HOU,NYE,1,volskaya,-1,00,Rawkus,Coolmatt,Muma,Boink,Clockwork,LiNkzr,Mano,Saebyeolbe,Meko,Ark,Jjonak,Libero,
HOU,NYE,2,lijiang,-1,00,Rawkus,Coolmatt,Jake,Muma,Boink,LiNkzr,Mano,Saebyeolbe,Meko,Ark,Jjonak,Libero,
HOU,NYE,3,kings-row,-1,00,SPREE,Rawkus,Jake,Muma,Boink,LiNkzr,Saebyeolbe,Janus,Meko,Ark,Jjonak,Libero,
HOU,NYE,4,route-66,-1,00,Rawkus,Coolmatt,Jake,Muma,Boink,LiNkzr,Mano,Saebyeolbe,Meko,Ark,Jjonak,Libero,
SHD,SFS,1,hanamura,-1,00,Undead,MG,Roshan,Diya,Altering,Fiveking,dhaK,sleepy,Danteh,BABYBAY,Nomy,Nevix,
SHD,SFS,2,nepal,-1,00,Undead,MG,Roshan,Diya,Freefeel,Altering,dhaK,sleepy,Danteh,BABYBAY,Nomy,Nevix,
SHD,SFS,3,kings-row,-1,00,Undead,MG,Roshan,Diya,Altering,Fiveking,dhaK,sleepy,Danteh,BABYBAY,Nomy,Nevix,
SHD,SFS,4,gibraltar,-1,00,Undead,MG,Roshan,Diya,Freefeel,Altering,dhaK,sleepy,Danteh,BABYBAY,Nomy,Nevix,
SEO,SHD,1,volskaya,1,00,tobi,gido,Wekeed,XepheR,KuKi,Bunny,Undead,MG,Roshan,Xushu,Altering,Fiveking,
SEO,SHD,2,lijiang,2,00,tobi,gido,Wekeed,XepheR,KuKi,Bunny,Undead,MG,Roshan,Xushu,Altering,Fiveking,
SEO,SHD,3,kings-row,-1,00,tobi,gido,Wekeed,XepheR,KuKi,Bunny,Undead,MG,Roshan,Xushu,Altering,Fiveking,
SEO,SHD,4,route-66,1,00,tobi,gido,Wekeed,XepheR,KuKi,Bunny,Undead,MG,Roshan,Xushu,Freefeel,Altering,
SFS,DAL,1,volskaya,0,00,dhaK,sleepy,Danteh,BABYBAY,Nomy,Nevix,Taimou,HarryHook,Mickie,aKm,Chipshajen,EFFECT,
SFS,DAL,2,lijiang,1,00,dhaK,sleepy,Danteh,BABYBAY,Nomy,Nevix,HarryHook,Mickie,aKm,Chipshajen,xQc,EFFECT,
SFS,DAL,3,kings-row,2,00,dhaK,sleepy,Danteh,BABYBAY,Nomy,Nevix,HarryHook,Mickie,aKm,Chipshajen,xQc,EFFECT,
SFS,DAL,4,route-66,2,00,dhaK,sleepy,Danteh,BABYBAY,Nomy,Nevix,Taimou,HarryHook,Mickie,Chipshajen,EFFECT,Rascal,
VAL,GLA,1,hanamura,-1,00,Unkoe,Soon,Verbo,Envy,Kariv,Fate,Bischu,BigGoose,Shaz,Hydration,Asher,Fissure,
VAL,GLA,2,lijiang,-2,00,Unkoe,Soon,Verbo,Envy,Kariv,Fate,Bischu,BigGoose,Shaz,Hydration,Asher,Fissure,
VAL,GLA,3,hollywood,-1,00,Unkoe,Soon,Verbo,Envy,Kariv,Fate,Bischu,BigGoose,Shaz,Hydration,Asher,Fissure,
VAL,GLA,4,gibraltar,-1,00,Unkoe,Soon,Verbo,Envy,Kariv,Fate,Surefour,Bischu,BigGoose,Shaz,Asher,Fissure,
PHI,SEO,1,volskaya,-1,00,fragi,Neptuno,Boombox,Eqo,Carpe,Poko,ZUNBA,tobi,ryujehong,Miro,FLETA,Munchkin,
PHI,SEO,2,lijiang,-2,00,fragi,Neptuno,Boombox,Eqo,Carpe,Poko,ZUNBA,tobi,ryujehong,Miro,FLETA,Munchkin,
PHI,SEO,3,kings-row,2,00,fragi,Neptuno,Boombox,Eqo,Carpe,Poko,ZUNBA,tobi,ryujehong,Miro,FLETA,Munchkin,
PHI,SEO,4,gibraltar,-1,00,fragi,Neptuno,Boombox,Eqo,Carpe,Poko,ZUNBA,tobi,ryujehong,Miro,FLETA,Munchkin,
HOU,VAL,1,volskaya,-1,00,Rawkus,Coolmatt,Muma,Boink,Clockwork,LiNkzr,Unkoe,Soon,Verbo,Envy,Kariv,Fate,
HOU,VAL,2,lijiang,-1,00,Rawkus,Coolmatt,Jake,Muma,Boink,LiNkzr,Unkoe,Soon,Verbo,Envy,Kariv,Fate,
HOU,VAL,3,hollywood,-1,00,Rawkus,Coolmatt,Jake,Muma,Boink,LiNkzr,Unkoe,Soon,Verbo,Envy,Kariv,Fate,
HOU,VAL,4,route-66,-1,00,Rawkus,Coolmatt,Jake,Muma,Boink,LiNkzr,Unkoe,Soon,Verbo,Envy,Kariv,Fate,
BOS,SHD,1,volskaya,1,00,Kellex,DreamKazper,NotE,STRIKER,Kalios,Neko,Undead,MG,Roshan,Xushu,Altering,Fiveking,
BOS,SHD,2,nepal,2,00,Kellex,DreamKazper,NotE,STRIKER,Kalios,Neko,Undead,MG,Roshan,Xushu,Altering,Fiveking,
BOS,SHD,3,kings-row,1,00,Kellex,DreamKazper,NotE,STRIKER,Kalios,Neko,Undead,MG,Roshan,Xushu,Altering,Fiveking,
BOS,SHD,4,route-66,2,00,Kellex,Mistakes,NotE,STRIKER,Kalios,Neko,Undead,MG,Roshan,Xushu,Altering,Fiveking,
LDN,BOS,1,hanamura,1,00,Bdosin,birdring,Fury,NUS,Profit,Gesture,Kellex,DreamKazper,NotE,STRIKER,Kalios,Neko,
LDN,BOS,2,nepal,1,00,Bdosin,birdring,Fury,NUS,Profit,Gesture,Kellex,DreamKazper,NotE,STRIKER,Kalios,Neko,
LDN,BOS,3,hollywood,1,00,Bdosin,birdring,Fury,NUS,Profit,Gesture,Kellex,Mistakes,NotE,STRIKER,Kalios,Neko,
LDN,BOS,4,gibraltar,1,00,Bdosin,birdring,Fury,NUS,Profit,Gesture,Kellex,DreamKazper,NotE,STRIKER,Kalios,Neko,
NYE,PHI,1,volskaya,1,00,Mano,Saebyeolbe,Meko,Ark,Jjonak,Libero,fragi,Neptuno,Eqo,Carpe,Poko,DayFly,
NYE,PHI,2,nepal,1,00,Mano,Saebyeolbe,Meko,Ark,Jjonak,Libero,fragi,Neptuno,Eqo,Carpe,Poko,DayFly,
NYE,PHI,3,kings-row,1,00,Saebyeolbe,Janus,Meko,Ark,Jjonak,Libero,fragi,Neptuno,Eqo,Carpe,Poko,DayFly,
NYE,PHI,4,route-66,-1,00,Mano,Saebyeolbe,Meko,Ark,Jjonak,Libero,fragi,Neptuno,Eqo,Carpe,Poko,DayFly,
FLA,HOU,1,hanamura,1,00,Zebbosai,TviQ,Zuppeh,Logix,Manneten,CWoosH,Rawkus,Coolmatt,Muma,Bani,Clockwork,LiNkzr,
FLA,HOU,2,lijiang,2,00,Zebbosai,TviQ,Zuppeh,Logix,Manneten,CWoosH,Rawkus,Coolmatt,Jake,Muma,Boink,LiNkzr,
FLA,HOU,3,hollywood,-1,00,Zebbosai,TviQ,Zuppeh,Logix,Manneten,CWoosH,Rawkus,Coolmatt,Jake,Muma,Boink,LiNkzr,
FLA,HOU,4,gibraltar,-1,00,Zebbosai,TviQ,Zuppeh,Logix,Manneten,CWoosH,Rawkus,Coolmatt,Jake,Muma,Bani,LiNkzr,
FLA,HOU,5,ilios,-2,00,Zebbosai,TviQ,Zuppeh,Logix,Manneten,CWoosH,Rawkus,Coolmatt,Jake,Muma,Boink,LiNkzr,
LDN,GLA,1,volskaya,-1,00,Hooreg,Profit,Closer,HaGoPeun,WooHyaL,Gesture,Surefour,Bischu,BigGoose,Shaz,Asher,Fissure,
LDN,GLA,2,lijiang,-2,00,Hooreg,Profit,Closer,HaGoPeun,WooHyaL,Gesture,Bischu,BigGoose,Shaz,Hydration,Asher,Fissure,
LDN,GLA,3,kings-row,-1,00,Bdosin,birdring,Fury,NUS,Profit,Gesture,Surefour,Bischu,BigGoose,Shaz,Hydration,Fissure,
LDN,GLA,4,route-66,1,00,Bdosin,birdring,Fury,NUS,Profit,Gesture,Surefour,Bischu,BigGoose,Shaz,Asher,Fissure,
NYE,SFS,1,volskaya,1,00,Mano,Saebyeolbe,Meko,Ark,Jjonak,Libero,dhaK,sleepy,Danteh,BABYBAY,Nomy,Nevix,
NYE,SFS,2,lijiang,2,00,Mano,Saebyeolbe,Meko,Ark,Jjonak,Libero,dhaK,sleepy,Danteh,BABYBAY,Nomy,Nevix,
NYE,SFS,3,hollywood,2,00,Saebyeolbe,Janus,Meko,Ark,Jjonak,Libero,dhaK,sleepy,Danteh,BABYBAY,Nomy,Nevix,
NYE,SFS,4,route-66,2,00,Mano,Saebyeolbe,Meko,Ark,Jjonak,Libero,dhaK,sleepy,Danteh,BABYBAY,Nomy,Nevix,
FLA,DAL,1,hanamura,-1,00,Zebbosai,TviQ,Zuppeh,Logix,Manneten,CWoosH,Taimou,HarryHook,Mickie,Chipshajen,EFFECT,Rascal,
FLA,DAL,2,nepal,-2,00,Zebbosai,TviQ,Zuppeh,Logix,Manneten,CWoosH,Taimou,HarryHook,Mickie,aKm,Chipshajen,EFFECT,
FLA,DAL,3,kings-row,2,00,Zebbosai,TviQ,Zuppeh,Logix,Manneten,CWoosH,Taimou,HarryHook,Mickie,aKm,Chipshajen,Rascal,
FLA,DAL,4,gibraltar,1,00,Zebbosai,TviQ,Zuppeh,Logix,Manneten,CWoosH,Taimou,HarryHook,Mickie,aKm,Chipshajen,Rascal,
FLA,DAL,5,ilios,2,00,Zebbosai,TviQ,Zuppeh,Logix,Manneten,CWoosH,Taimou,HarryHook,Mickie,Chipshajen,EFFECT,Rascal,
BOS,DAL,1,volskaya,1,00,Kellex,DreamKazper,Gamsu,NotE,STRIKER,Neko,Taimou,Custa,Mickie,aKm,Chipshajen,EFFECT,
BOS,DAL,2,lijiang,2,00,Kellex,DreamKazper,Gamsu,NotE,STRIKER,Neko,Taimou,Custa,Mickie,aKm,Chipshajen,EFFECT,
BOS,DAL,3,kings-row,3,00,Kellex,DreamKazper,Gamsu,STRIKER,Kalios,Neko,Taimou,Custa,Mickie,aKm,Chipshajen,EFFECT,
BOS,DAL,4,gibraltar,3,00,Kellex,DreamKazper,Gamsu,NotE,STRIKER,Neko,Taimou,Custa,Mickie,aKm,Chipshajen,EFFECT,
NYE,SEO,1,hanamura,2,00,Mano,Saebyeolbe,Meko,Ark,Jjonak,Libero,ZUNBA,tobi,ryujehong,Miro,FLETA,Munchkin,
NYE,SEO,2,nepal,-1,00,Mano,Saebyeolbe,Meko,Ark,Jjonak,Libero,ZUNBA,tobi,ryujehong,Miro,FLETA,Munchkin,
NYE,SEO,3,hollywood,-1,00,Saebyeolbe,Janus,Meko,Ark,Jjonak,Libero,ZUNBA,tobi,ryujehong,Miro,FLETA,Munchkin,
NYE,SEO,4,gibraltar,1,00,Mano,Saebyeolbe,Meko,Ark,Jjonak,Libero,ZUNBA,tobi,ryujehong,Miro,FLETA,Munchkin,
NYE,SEO,5,ilios,2,00,Mano,Saebyeolbe,Meko,Ark,Jjonak,Libero,ZUNBA,tobi,ryujehong,Miro,FLETA,Munchkin,
PHI,SHD,1,volskaya,2,00,fragi,Neptuno,Boombox,Eqo,Snillo,Poko,Undead,MG,Roshan,Xushu,Freefeel,Fiveking,
PHI,SHD,2,lijiang,2,00,fragi,Neptuno,Boombox,Eqo,Snillo,Poko,Undead,MG,Roshan,Xushu,Freefeel,Fiveking,
PHI,SHD,3,hollywood,2,00,fragi,Neptuno,Boombox,Eqo,Snillo,Poko,Undead,MG,Roshan,Xushu,Freefeel,Fiveking,
PHI,SHD,4,route-66,3,00,fragi,Neptuno,Boombox,Eqo,Snillo,Poko,Undead,MG,Roshan,Xushu,Freefeel,Fiveking,
SHD,NYE,1,hanamura,-1,00,Undead,MG,Xushu,Freefeel,Altering,Fiveking,Mano,Saebyeolbe,Meko,Ark,Jjonak,Libero,
SHD,NYE,2,nepal,-2,00,Undead,MG,Xushu,Freefeel,Altering,Fiveking,Mano,Saebyeolbe,Meko,Ark,Jjonak,Libero,
SHD,NYE,3,hollywood,-1,00,Undead,MG,Roshan,Xushu,Freefeel,Fiveking,Saebyeolbe,Janus,Meko,Ark,Jjonak,Libero,
SHD,NYE,4,route-66,-1,00,Undead,MG,Roshan,Xushu,Freefeel,Fiveking,Mano,Saebyeolbe,Meko,Ark,Jjonak,Libero,
FLA,VAL,1,hanamura,1,00,Zebbosai,TviQ,Zuppeh,Logix,Manneten,CWoosH,Unkoe,Soon,Agilities,Envy,Kariv,Fate,
FLA,VAL,2,nepal,2,00,Zebbosai,TviQ,Zuppeh,Logix,Manneten,CWoosH,Unkoe,Soon,Agilities,Verbo,Envy,Fate,
FLA,VAL,3,hollywood,-1,00,zappis,Zebbosai,TviQ,Zuppeh,Manneten,CWoosH,Unkoe,Soon,Agilities,Verbo,Envy,Fate,
FLA,VAL,4,route-66,1,00,Zebbosai,TviQ,Zuppeh,Logix,Manneten,CWoosH,Unkoe,Soon,Verbo,Envy,Kariv,Fate,
HOU,GLA,1,volskaya,1,00,Rawkus,Coolmatt,Muma,Boink,Clockwork,LiNkzr,Surefour,Bischu,BigGoose,Shaz,Asher,Fissure,
HOU,GLA,2,lijiang,-1,00,Rawkus,Coolmatt,Jake,Muma,Boink,LiNkzr,Bischu,BigGoose,Shaz,Hydration,Asher,Fissure,
HOU,GLA,3,kings-row,-1,00,SPREE,Rawkus,Jake,Muma,Boink,LiNkzr,Surefour,Bischu,BigGoose,Shaz,Hydration,Fissure,
HOU,GLA,4,gibraltar,3,00,Rawkus,Coolmatt,Jake,Muma,Bani,LiNkzr,Surefour,Bischu,BigGoose,Shaz,Asher,Fissure,
HOU,GLA,5,ilios,-2,00,Rawkus,Coolmatt,Jake,Muma,Boink,LiNkzr,Bischu,BigGoose,Shaz,Hydration,Asher,Fissure,
GLA,FLA,1,volskaya,0,00,Surefour,Bischu,BigGoose,Shaz,Asher,Fissure,Zebbosai,TviQ,Zuppeh,Logix,Manneten,CWoosH,
GLA,FLA,2,nepal,-2,00,Bischu,BigGoose,Shaz,Hydration,Asher,Fissure,Zebbosai,TviQ,Zuppeh,Logix,Manneten,CWoosH,
GLA,FLA,3,hollywood,2,00,Surefour,Bischu,BigGoose,Shaz,Hydration,Fissure,zappis,Zebbosai,TviQ,Zuppeh,Manneten,CWoosH,
GLA,FLA,4,route-66,1,00,Surefour,Bischu,BigGoose,Shaz,Asher,Fissure,Zebbosai,TviQ,Zuppeh,Logix,Manneten,CWoosH,
LDN,SFS,1,volskaya,1,00,Bdosin,NUS,Hooreg,Profit,WooHyaL,Gesture,sleepy,Danteh,BABYBAY,Nomy,Nevix,Moth,
LDN,SFS,2,nepal,2,00,Bdosin,NUS,Hooreg,Profit,WooHyaL,Gesture,sleepy,Danteh,BABYBAY,Nomy,Nevix,Moth,
LDN,SFS,3,hollywood,-1,00,Bdosin,NUS,Hooreg,Profit,WooHyaL,Gesture,sleepy,Danteh,BABYBAY,Nomy,Nevix,Moth,
LDN,SFS,4,route-66,1,00,Bdosin,NUS,Hooreg,Profit,WooHyaL,Gesture,sleepy,Danteh,BABYBAY,Nomy,Nevix,Moth,
VAL,BOS,1,volskaya,-1,00,Unkoe,Soon,Verbo,Envy,Kariv,Fate,Kellex,DreamKazper,Gamsu,NotE,STRIKER,Neko,
VAL,BOS,2,lijiang,1,00,Unkoe,Soon,Verbo,Envy,Kariv,Fate,Kellex,DreamKazper,Gamsu,NotE,STRIKER,Neko,
VAL,BOS,3,kings-row,-1,00,Unkoe,Soon,Agilities,Verbo,Envy,Fate,Kellex,DreamKazper,Gamsu,STRIKER,Kalios,Neko,
VAL,BOS,4,route-66,1,00,Unkoe,Soon,Verbo,Envy,Kariv,Fate,Kellex,Mistakes,Gamsu,NotE,STRIKER,Neko,
VAL,BOS,5,ilios,-1,00,Unkoe,Soon,Agilities,Verbo,Envy,Fate,Kellex,DreamKazper,Gamsu,NotE,STRIKER,Neko,
SEO,LDN,1,hanamura,-1,00,ZUNBA,tobi,ryujehong,Miro,FLETA,Munchkin,Bdosin,birdring,NUS,Profit,WooHyaL,Gesture,
SEO,LDN,2,lijiang,-2,00,ZUNBA,tobi,ryujehong,Miro,FLETA,Munchkin,Bdosin,birdring,NUS,Profit,WooHyaL,Gesture,
SEO,LDN,3,kings-row,-1,00,ZUNBA,tobi,ryujehong,Miro,FLETA,Munchkin,Bdosin,birdring,NUS,Profit,WooHyaL,Gesture,
SEO,LDN,4,gibraltar,-1,00,ZUNBA,tobi,ryujehong,Miro,FLETA,Munchkin,Bdosin,birdring,NUS,Profit,WooHyaL,Gesture,
SFS,HOU,1,hanamura,1,00,sleepy,Danteh,BABYBAY,Nomy,Nevix,Moth,Rawkus,Coolmatt,Muma,Bani,Clockwork,LiNkzr,
SFS,HOU,2,nepal,2,00,sleepy,Danteh,BABYBAY,Nomy,Nevix,Moth,Rawkus,Coolmatt,Jake,Muma,Boink,LiNkzr,
SFS,HOU,3,hollywood,-1,00,sleepy,Danteh,BABYBAY,Nomy,Nevix,Moth,Rawkus,Coolmatt,Jake,Muma,Boink,LiNkzr,
SFS,HOU,4,gibraltar,1,00,sleepy,Danteh,BABYBAY,Nomy,Nevix,Moth,Rawkus,Coolmatt,Jake,Muma,Bani,LiNkzr,
DAL,PHI,1,hanamura,-1,00,Taimou,Custa,Mickie,Chipshajen,EFFECT,Rascal,fragi,Neptuno,Boombox,Eqo,Snillo,Poko,
DAL,PHI,2,lijiang,-2,00,Taimou,Custa,Mickie,Chipshajen,EFFECT,Rascal,fragi,Neptuno,Boombox,Eqo,Snillo,Poko,
DAL,PHI,3,kings-row,-1,00,Taimou,Custa,Mickie,Chipshajen,EFFECT,Rascal,fragi,Neptuno,Boombox,Eqo,Snillo,Poko,
DAL,PHI,4,gibraltar,-1,00,Taimou,Custa,Mickie,aKm,Chipshajen,EFFECT,fragi,Neptuno,Boombox,Eqo,Snillo,Poko,
